[2026-02-28 17:05:01] Slowdown-profile using per-step throughput targets (500=48000,100=25000,50=12000,25=5000,10=500); skipping baseline find/validate
[2026-02-28 17:05:01] Slowdown-profile mode=network_bandwidth, latency_target=25ms, baseline_target=skipped, fixed_target=per-step, factor=0.8, trials=5, duration=60s, steps=500 100 50 25 10
[2026-02-28 17:05:01] Starting slowdown-profile step 500Mbps: target throughput 48000 ops/s, trials=5, duration=60s
[2026-02-28 17:05:01] Restoring snapshot 'baseline' before step 500Mbps
[2026-02-28 17:06:52] Running mode=single, slowdown_type=network, step=500, client_type=hybrid
[2026-02-28 17:06:54] Warming up cluster with 5 lightweight CQL probe(s) per node
[2026-02-28 17:07:05] Applying bandwidth limit on ccl1.cyber.lab (cassandra-node-1): 500mbit egress+ingress via ens18/ifbccl1
[2026-02-28 17:07:06] Applying bandwidth limit on ccl2.cyber.lab (cassandra-node-2): 10000mbit egress+ingress via ens18/ifbccl2
[2026-02-28 17:07:07] Applying bandwidth limit on ccl3.cyber.lab (cassandra-node-3): 10000mbit egress+ingress via ens18/ifbccl3
[2026-02-28 17:07:09] Eval 1: phase=single target=48000 trials=5 duration=60s
[2026-02-28 17:07:09] Benchmark run: phase=single step=500 target=48000 duration=60s trial=1 attempt=1
TRIAL_SERIES:single,48000,1,1,49981.0000,1332911.8277,1423154.0000
TRIAL_SERIES:single,48000,1,2,50019.0000,2907102.3408,2910304.0000
TRIAL_SERIES:single,48000,1,3,50000.0000,4205851.0605,4198768.0000
TRIAL_SERIES:single,48000,1,4,50000.0000,5371218.5352,5383483.0000
TRIAL_SERIES:single,48000,1,5,49999.0000,6412268.5973,6416274.0000
TRIAL_SERIES:single,48000,1,6,50001.0000,7321593.8791,7326249.0000
TRIAL_SERIES:single,48000,1,7,49999.0000,8128184.6468,8131502.0000
TRIAL_SERIES:single,48000,1,8,50001.0000,8863109.7149,8872543.0000
TRIAL_SERIES:single,48000,1,9,49999.0000,9544764.4681,9544493.0000
TRIAL_SERIES:single,48000,1,10,49991.0000,10190479.0978,10191262.0000
TRIAL_SERIES:single,48000,1,11,49987.0000,10753369.7210,10752461.0000
TRIAL_SERIES:single,48000,1,12,50015.0000,11260648.3091,11265608.0000
TRIAL_SERIES:single,48000,1,13,50007.0000,11708976.3396,11708392.0000
TRIAL_SERIES:single,48000,1,14,50001.0000,12145059.7871,12142400.0000
TRIAL_SERIES:single,48000,1,15,50000.0000,12520904.1726,12518585.5000
TRIAL_SERIES:single,48000,1,16,50000.0000,12868403.4428,12860187.0000
TRIAL_SERIES:single,48000,1,17,50000.0000,13203209.4826,13205968.0000
TRIAL_SERIES:single,48000,1,18,49997.0000,13465962.6989,13462220.0000
TRIAL_SERIES:single,48000,1,19,50002.0000,13738058.4805,13740907.5000
TRIAL_SERIES:single,48000,1,20,50001.0000,14144025.9748,14184443.0000
TRIAL_SERIES:single,48000,1,21,50000.0000,14387584.3600,14386287.5000
TRIAL_SERIES:single,48000,1,22,49998.0000,14522451.1077,14527537.0000
TRIAL_SERIES:single,48000,1,23,50001.0000,14617457.2337,14622576.0000
TRIAL_SERIES:single,48000,1,24,50000.0000,14809843.1822,14720609.5000
TRIAL_SERIES:single,48000,1,25,50000.0000,14980013.5142,14989724.5000
TRIAL_SERIES:single,48000,1,26,49991.0000,14987670.7989,14987401.0000
TRIAL_SERIES:single,48000,1,27,50007.0000,14995003.3097,14992368.0000
TRIAL_SERIES:single,48000,1,28,50003.0000,14981355.2923,14981535.0000
TRIAL_SERIES:single,48000,1,29,49998.0000,14969069.7781,14974050.5000
TRIAL_SERIES:single,48000,1,30,50001.0000,14980222.6556,14931183.0000
TRIAL_SERIES:single,48000,1,31,50000.0000,15080746.2017,15076565.0000
TRIAL_SERIES:single,48000,1,32,50001.0000,15036490.5597,15041905.0000
TRIAL_SERIES:single,48000,1,33,49999.0000,14956047.8056,14957672.0000
TRIAL_SERIES:single,48000,1,34,50001.0000,14874106.5689,14873408.0000
TRIAL_SERIES:single,48000,1,35,49999.0000,14793446.8806,14790592.0000
TRIAL_SERIES:single,48000,1,36,49997.0000,14732529.1808,14728670.0000
TRIAL_SERIES:single,48000,1,37,50002.0000,14674688.5082,14672620.5000
TRIAL_SERIES:single,48000,1,38,50001.0000,14601373.7678,14603349.0000
TRIAL_SERIES:single,48000,1,39,50001.0000,14511490.8791,14509620.0000
TRIAL_SERIES:single,48000,1,40,49995.0000,14447988.5644,14450766.0000
TRIAL_SERIES:single,48000,1,41,50005.0000,14393191.5083,14391481.0000
TRIAL_SERIES:single,48000,1,42,49970.0000,14342924.4773,14343390.0000
TRIAL_SERIES:single,48000,1,43,50026.0000,14278427.8047,14277379.5000
TRIAL_SERIES:single,48000,1,44,50002.0000,14210619.8495,14207380.0000
TRIAL_SERIES:single,48000,1,45,49999.0000,14133966.7495,14134128.0000
TRIAL_SERIES:single,48000,1,46,50002.0000,14185603.8979,14213844.0000
TRIAL_SERIES:single,48000,1,47,49997.0000,14192257.3124,14196436.0000
TRIAL_SERIES:single,48000,1,48,49997.0000,14118078.4362,14120543.0000
TRIAL_SERIES:single,48000,1,49,50005.0000,14045469.3102,14048015.0000
TRIAL_SERIES:single,48000,1,50,49998.0000,14002173.7300,13999245.0000
TRIAL_SERIES:single,48000,1,51,50002.0000,13928843.4679,13927098.5000
TRIAL_SERIES:single,48000,1,52,50002.0000,13846276.2224,13847365.5000
TRIAL_SERIES:single,48000,1,53,49991.0000,13783615.2884,13791131.0000
TRIAL_SERIES:single,48000,1,54,50007.0000,13828349.0943,13845424.0000
TRIAL_SERIES:single,48000,1,55,50000.0000,13779027.6254,13780930.0000
TRIAL_SERIES:single,48000,1,56,50000.0000,13706081.1966,13704879.5000
TRIAL_SERIES:single,48000,1,57,49998.0000,13660039.4008,13662761.5000
TRIAL_SERIES:single,48000,1,58,50001.0000,13591021.1077,13592316.0000
TRIAL_SERIES:single,48000,1,59,50003.0000,13532183.5771,13534897.0000
TRIAL_SERIES:single,48000,1,60,50000.0000,13514855.6957,13514344.0000
TRIAL_SERIES:single,48000,1,61,4.0000,13493512.5000,13493441.5000
TRIAL_SERIES:single,48000,1,62,0.0000,0.0000,0.0000
TRIAL_SERIES:single,48000,1,63,0.0000,0.0000,0.0000
TRIAL_SERIES:single,48000,1,64,0.0000,0.0000,0.0000
TRIAL_SERIES:single,48000,1,65,0.0000,0.0000,0.0000
TRIAL_SERIES:single,48000,1,66,0.0000,0.0000,0.0000
TRIAL_SERIES:single,48000,1,67,0.0000,0.0000,0.0000
TRIAL_SERIES:single,48000,1,68,0.0000,0.0000,0.0000
TRIAL_SERIES:single,48000,1,69,0.0000,0.0000,0.0000
TRIAL_SERIES:single,48000,1,70,0.0000,0.0000,0.0000
TRIAL_SERIES:single,48000,1,71,0.0000,0.0000,0.0000
TRIAL_SERIES:single,48000,1,72,0.0000,0.0000,0.0000
TRIAL_SERIES:single,48000,1,73,0.0000,0.0000,0.0000
TRIAL_SERIES:single,48000,1,74,0.0000,0.0000,0.0000
TRIAL_RESULT:single,48000,1,49180.3934,14015395.5000,12751662.6614,14015395.5000,15091164.0000
[2026-02-28 17:10:17] Benchmark run: phase=single step=500 target=48000 duration=60s trial=2 attempt=1
TRIAL_SERIES:single,48000,2,1,49999.0000,92123.3922,95684.0000
TRIAL_SERIES:single,48000,2,2,50001.0000,192955.3202,199831.0000
TRIAL_SERIES:single,48000,2,3,49997.0000,214053.4549,214098.0000
TRIAL_SERIES:single,48000,2,4,50002.0000,187579.1827,190226.0000
TRIAL_SERIES:single,48000,2,5,50000.0000,128119.7589,127357.5000
TRIAL_SERIES:single,48000,2,6,50000.0000,77762.5985,79547.0000
TRIAL_SERIES:single,48000,2,7,50000.0000,51435.1167,49904.0000
TRIAL_SERIES:single,48000,2,8,50000.0000,18334.7134,17827.0000
TRIAL_SERIES:single,48000,2,9,49999.0000,56860.2759,4489.0000
TRIAL_SERIES:single,48000,2,10,50001.0000,163034.8928,162378.0000
TRIAL_SERIES:single,48000,2,11,50000.0000,117530.7811,117383.5000
TRIAL_SERIES:single,48000,2,12,49993.0000,41327.6068,41197.0000
TRIAL_SERIES:single,48000,2,13,50007.0000,3134.9917,2646.0000
TRIAL_SERIES:single,48000,2,14,50000.0000,3620.7067,2781.0000
TRIAL_SERIES:single,48000,2,15,50001.0000,3042.3046,2615.0000
TRIAL_SERIES:single,48000,2,16,49999.0000,2584.7162,2435.0000
TRIAL_SERIES:single,48000,2,17,50001.0000,4854.2214,2926.0000
TRIAL_SERIES:single,48000,2,18,49994.0000,76521.9553,3461.5000
TRIAL_SERIES:single,48000,2,19,50006.0000,223717.9402,166677.0000
TRIAL_SERIES:single,48000,2,20,49995.0000,290627.1674,287594.0000
TRIAL_SERIES:single,48000,2,21,49994.0000,303344.0026,302496.5000
TRIAL_SERIES:single,48000,2,22,50003.0000,320631.1661,324885.0000
TRIAL_SERIES:single,48000,2,23,50004.0000,278457.0186,280745.0000
TRIAL_SERIES:single,48000,2,24,50004.0000,207359.1475,207950.5000
TRIAL_SERIES:single,48000,2,25,49997.0000,106532.2471,105721.0000
TRIAL_SERIES:single,48000,2,26,50001.0000,18995.0451,8257.0000
TRIAL_SERIES:single,48000,2,27,50001.0000,3693.5953,2903.0000
TRIAL_SERIES:single,48000,2,28,50000.0000,4014.5171,2474.0000
TRIAL_SERIES:single,48000,2,29,50001.0000,2331.4648,2192.0000
TRIAL_SERIES:single,48000,2,30,49979.0000,17834.2719,3025.0000
TRIAL_SERIES:single,48000,2,31,49954.0000,133219.3596,136690.0000
TRIAL_SERIES:single,48000,2,32,50065.0000,47390.1877,48381.0000
TRIAL_SERIES:single,48000,2,33,50001.0000,6931.6149,2462.0000
TRIAL_SERIES:single,48000,2,34,50001.0000,2449.3471,2047.0000
TRIAL_SERIES:single,48000,2,35,49999.0000,2345.7392,2120.0000
TRIAL_SERIES:single,48000,2,36,50000.0000,2240.1507,2006.0000
TRIAL_SERIES:single,48000,2,37,49994.0000,42385.7347,4986.5000
TRIAL_SERIES:single,48000,2,38,50007.0000,19038.4874,11411.0000
TRIAL_SERIES:single,48000,2,39,49999.0000,2213.7205,2046.0000
TRIAL_SERIES:single,48000,2,40,50001.0000,2543.3718,2154.0000
TRIAL_SERIES:single,48000,2,41,49999.0000,2783.4828,2336.0000
TRIAL_SERIES:single,48000,2,42,50001.0000,3674.7898,2728.0000
TRIAL_SERIES:single,48000,2,43,50000.0000,7796.9146,7021.5000
TRIAL_SERIES:single,48000,2,44,50000.0000,3246.0829,2700.5000
TRIAL_SERIES:single,48000,2,45,50000.0000,2575.6265,2301.0000
TRIAL_SERIES:single,48000,2,46,50000.0000,2303.8046,2154.0000
TRIAL_SERIES:single,48000,2,47,49998.0000,3404.9991,2169.0000
TRIAL_SERIES:single,48000,2,48,49999.0000,6418.4079,2537.0000
TRIAL_SERIES:single,48000,2,49,50002.0000,56201.6171,58220.5000
TRIAL_SERIES:single,48000,2,50,49993.0000,14895.9396,2316.0000
TRIAL_SERIES:single,48000,2,51,50007.0000,3421.1083,2450.0000
TRIAL_SERIES:single,48000,2,52,50000.0000,2471.4484,2173.0000
TRIAL_SERIES:single,48000,2,53,49999.0000,2413.4384,2103.0000
TRIAL_SERIES:single,48000,2,54,50002.0000,2835.4103,2335.0000
TRIAL_SERIES:single,48000,2,55,49999.0000,2706.7758,2062.0000
TRIAL_SERIES:single,48000,2,56,50000.0000,2443.0584,2236.0000
TRIAL_SERIES:single,48000,2,57,50001.0000,3118.5947,2153.0000
TRIAL_SERIES:single,48000,2,58,50000.0000,4102.7714,2358.0000
TRIAL_SERIES:single,48000,2,59,50000.0000,2153.0158,2030.0000
TRIAL_SERIES:single,48000,2,60,49965.0000,146848.7348,112892.0000
TRIAL_SERIES:single,48000,2,61,55.0000,360332.2909,360334.0000
TRIAL_RESULT:single,48000,2,49180.6557,3913.0000,62486.3934,3913.0000,332479.0000
[2026-02-28 17:13:09] Benchmark run: phase=single step=500 target=48000 duration=60s trial=3 attempt=1
TRIAL_SERIES:single,48000,3,1,50000.0000,35974.9481,37998.0000
TRIAL_SERIES:single,48000,3,2,50000.0000,18149.0383,14884.0000
TRIAL_SERIES:single,48000,3,3,49999.0000,109248.5527,155536.0000
TRIAL_SERIES:single,48000,3,4,49986.0000,107392.8997,108747.0000
TRIAL_SERIES:single,48000,3,5,50013.0000,13123.2835,3655.0000
TRIAL_SERIES:single,48000,3,6,50001.0000,2945.2034,2600.0000
TRIAL_SERIES:single,48000,3,7,50000.0000,7762.0161,4935.0000
TRIAL_SERIES:single,48000,3,8,50001.0000,6640.7196,2959.0000
TRIAL_SERIES:single,48000,3,9,50000.0000,3598.0111,3061.0000
TRIAL_SERIES:single,48000,3,10,49999.0000,7048.1556,3181.0000
TRIAL_SERIES:single,48000,3,11,50001.0000,3600.5126,3021.0000
TRIAL_SERIES:single,48000,3,12,49999.0000,3262.2369,2885.0000
TRIAL_SERIES:single,48000,3,13,50001.0000,2842.2185,2572.0000
TRIAL_SERIES:single,48000,3,14,49998.0000,66016.6923,6515.5000
TRIAL_SERIES:single,48000,3,15,49969.0000,88579.4336,87554.0000
TRIAL_SERIES:single,48000,3,16,50032.0000,45699.9948,45862.0000
TRIAL_SERIES:single,48000,3,17,50001.0000,15110.1133,16822.0000
TRIAL_SERIES:single,48000,3,18,50000.0000,5279.1689,3334.5000
TRIAL_SERIES:single,48000,3,19,50000.0000,2837.4759,2615.0000
TRIAL_SERIES:single,48000,3,20,50000.0000,8211.9987,4280.0000
TRIAL_SERIES:single,48000,3,21,50000.0000,3380.8299,2986.0000
TRIAL_SERIES:single,48000,3,22,49998.0000,2949.6284,2645.0000
TRIAL_SERIES:single,48000,3,23,50000.0000,2539.9460,2362.0000
TRIAL_SERIES:single,48000,3,24,50001.0000,26504.3228,30002.0000
TRIAL_SERIES:single,48000,3,25,50001.0000,7988.3726,4804.0000
TRIAL_SERIES:single,48000,3,26,49979.0000,90820.7835,141428.0000
TRIAL_SERIES:single,48000,3,27,50021.0000,150731.0863,149158.0000
TRIAL_SERIES:single,48000,3,28,50000.0000,121409.0415,122456.0000
TRIAL_SERIES:single,48000,3,29,49999.0000,92957.0678,88897.0000
TRIAL_SERIES:single,48000,3,30,50001.0000,63635.3177,64746.0000
TRIAL_SERIES:single,48000,3,31,49993.0000,34922.0782,38105.0000
TRIAL_SERIES:single,48000,3,32,50007.0000,9327.1512,7185.0000
TRIAL_SERIES:single,48000,3,33,50000.0000,40256.0002,4963.0000
TRIAL_SERIES:single,48000,3,34,50000.0000,131712.3103,131848.0000
TRIAL_SERIES:single,48000,3,35,49998.0000,95268.0503,93636.5000
TRIAL_SERIES:single,48000,3,36,49996.0000,71143.6024,69403.0000
TRIAL_SERIES:single,48000,3,37,50006.0000,78377.4458,79824.0000
TRIAL_SERIES:single,48000,3,38,49998.0000,68519.8257,67946.5000
TRIAL_SERIES:single,48000,3,39,50001.0000,30889.3494,27036.0000
TRIAL_SERIES:single,48000,3,40,50000.0000,8525.6386,7006.0000
TRIAL_SERIES:single,48000,3,41,50001.0000,3765.2187,2937.0000
TRIAL_SERIES:single,48000,3,42,50000.0000,3884.0656,3162.5000
TRIAL_SERIES:single,48000,3,43,50000.0000,3072.0366,2721.0000
TRIAL_SERIES:single,48000,3,44,49995.0000,60243.3786,73835.0000
TRIAL_SERIES:single,48000,3,45,50003.0000,48794.9016,48333.0000
TRIAL_SERIES:single,48000,3,46,49997.0000,9498.1748,5451.0000
TRIAL_SERIES:single,48000,3,47,50005.0000,15126.4427,16939.0000
TRIAL_SERIES:single,48000,3,48,49999.0000,8863.9063,3805.0000
TRIAL_SERIES:single,48000,3,49,50001.0000,11525.3614,12182.0000
TRIAL_SERIES:single,48000,3,50,49999.0000,5467.2493,4209.0000
TRIAL_SERIES:single,48000,3,51,49992.0000,5877.3009,4477.0000
TRIAL_SERIES:single,48000,3,52,49969.0000,4511.5679,3989.0000
TRIAL_SERIES:single,48000,3,53,50040.0000,41370.1099,43286.5000
TRIAL_SERIES:single,48000,3,54,50000.0000,11060.9881,10764.0000
TRIAL_SERIES:single,48000,3,55,50000.0000,3766.9603,2840.0000
TRIAL_SERIES:single,48000,3,56,50000.0000,78285.4401,83387.5000
TRIAL_SERIES:single,48000,3,57,49995.0000,61143.0993,65198.0000
TRIAL_SERIES:single,48000,3,58,50004.0000,29446.7625,33054.0000
TRIAL_SERIES:single,48000,3,59,50001.0000,3347.4446,2930.0000
TRIAL_SERIES:single,48000,3,60,49983.0000,7100.2893,3301.0000
TRIAL_SERIES:single,48000,3,61,0.0000,0.0000,0.0000
TRIAL_RESULT:single,48000,3,49999.7167,11011.0000,35022.1142,11011.0000,163252.0000
[2026-02-28 17:15:54] Benchmark run: phase=single step=500 target=48000 duration=60s trial=4 attempt=1
TRIAL_SERIES:single,48000,4,1,49998.0000,195563.3880,215840.5000
TRIAL_SERIES:single,48000,4,2,50001.0000,366868.3338,361917.0000
TRIAL_SERIES:single,48000,4,3,49992.0000,522559.5763,519654.0000
TRIAL_SERIES:single,48000,4,4,50003.0000,610927.5303,610360.0000
TRIAL_SERIES:single,48000,4,5,50002.0000,686366.6787,680429.5000
TRIAL_SERIES:single,48000,4,6,50003.0000,755266.2017,748604.0000
TRIAL_SERIES:single,48000,4,7,49960.0000,873263.6763,855002.0000
TRIAL_SERIES:single,48000,4,8,50041.0000,1052729.5561,1042549.0000
TRIAL_SERIES:single,48000,4,9,49999.0000,1126975.0820,1128842.0000
TRIAL_SERIES:single,48000,4,10,50000.0000,1233194.1766,1212910.5000
TRIAL_SERIES:single,48000,4,11,50001.0000,1460535.8685,1458623.0000
TRIAL_SERIES:single,48000,4,12,49999.0000,1646322.7235,1656553.0000
TRIAL_SERIES:single,48000,4,13,49997.0000,1750649.5370,1718057.0000
TRIAL_SERIES:single,48000,4,14,50004.0000,1938904.8486,1936210.5000
TRIAL_SERIES:single,48000,4,15,49999.0000,1994041.1154,1992899.0000
TRIAL_SERIES:single,48000,4,16,50000.0000,2032570.7834,2028278.0000
TRIAL_SERIES:single,48000,4,17,49999.0000,2170684.9644,2077170.0000
TRIAL_SERIES:single,48000,4,18,50001.0000,2317689.3212,2316858.0000
TRIAL_SERIES:single,48000,4,19,50000.0000,2372675.7858,2371175.0000
TRIAL_SERIES:single,48000,4,20,50001.0000,2416285.0127,2416345.0000
TRIAL_SERIES:single,48000,4,21,50000.0000,2447099.3966,2436523.0000
TRIAL_SERIES:single,48000,4,22,50000.0000,2525985.8634,2520750.0000
TRIAL_SERIES:single,48000,4,23,49996.0000,2561114.5013,2554554.0000
TRIAL_SERIES:single,48000,4,24,50004.0000,2594078.5981,2589583.0000
TRIAL_SERIES:single,48000,4,25,49999.0000,2628904.0208,2627573.0000
TRIAL_SERIES:single,48000,4,26,50000.0000,2673263.1838,2675184.5000
TRIAL_SERIES:single,48000,4,27,49999.0000,2735384.3020,2739320.0000
TRIAL_SERIES:single,48000,4,28,50002.0000,2779387.6172,2778803.0000
TRIAL_SERIES:single,48000,4,29,49995.0000,2819250.8633,2815804.0000
TRIAL_SERIES:single,48000,4,30,49997.0000,2882757.4939,2883662.0000
TRIAL_SERIES:single,48000,4,31,50007.0000,2953731.8182,2960431.0000
TRIAL_SERIES:single,48000,4,32,49999.0000,3001152.4715,2970802.0000
TRIAL_SERIES:single,48000,4,33,49992.0000,3043468.6063,3043351.0000
TRIAL_SERIES:single,48000,4,34,50010.0000,3022631.7421,3024316.5000
TRIAL_SERIES:single,48000,4,35,50000.0000,2992019.3760,2991847.0000
TRIAL_SERIES:single,48000,4,36,49999.0000,2967357.5524,2969401.0000
TRIAL_SERIES:single,48000,4,37,49992.0000,2915253.5349,2915987.5000
TRIAL_SERIES:single,48000,4,38,50006.0000,2911161.9251,2912116.0000
TRIAL_SERIES:single,48000,4,39,49994.0000,2884943.6115,2885742.5000
TRIAL_SERIES:single,48000,4,40,50008.0000,2867298.6086,2866843.0000
TRIAL_SERIES:single,48000,4,41,49999.0000,2867025.7007,2869098.0000
TRIAL_SERIES:single,48000,4,42,50001.0000,2957313.6305,3007021.0000
TRIAL_SERIES:single,48000,4,43,50000.0000,3044177.5138,3026688.0000
TRIAL_SERIES:single,48000,4,44,49999.0000,3127985.0140,3127628.0000
TRIAL_SERIES:single,48000,4,45,50000.0000,3098137.9311,3098523.0000
TRIAL_SERIES:single,48000,4,46,50002.0000,3082077.2726,3080465.5000
TRIAL_SERIES:single,48000,4,47,49998.0000,3048468.5887,3048167.0000
TRIAL_SERIES:single,48000,4,48,50002.0000,3035478.7056,3034754.5000
TRIAL_SERIES:single,48000,4,49,49998.0000,3032900.7871,3033994.0000
TRIAL_SERIES:single,48000,4,50,50001.0000,3010010.7247,3011291.0000
TRIAL_SERIES:single,48000,4,51,49999.0000,2983133.0896,2983670.0000
TRIAL_SERIES:single,48000,4,52,50000.0000,2950799.3389,2953489.5000
TRIAL_SERIES:single,48000,4,53,50001.0000,2924615.3568,2925270.0000
TRIAL_SERIES:single,48000,4,54,50001.0000,2910568.5620,2910256.0000
TRIAL_SERIES:single,48000,4,55,50000.0000,2879495.9361,2879572.0000
TRIAL_SERIES:single,48000,4,56,49989.0000,2908450.7898,2938892.0000
TRIAL_SERIES:single,48000,4,57,50009.0000,2937927.7204,2936681.0000
TRIAL_SERIES:single,48000,4,58,50001.0000,2936317.5517,2936161.0000
TRIAL_SERIES:single,48000,4,59,50000.0000,2913025.9728,2912134.0000
TRIAL_SERIES:single,48000,4,60,49992.0000,2916268.3134,2918241.0000
TRIAL_SERIES:single,48000,4,61,11.0000,2894948.5455,2895001.0000
TRIAL_SERIES:single,48000,4,62,0.0000,0.0000,0.0000
TRIAL_SERIES:single,48000,4,63,0.0000,0.0000,0.0000
TRIAL_RESULT:single,48000,4,49180.3607,2862209.0000,2388246.0355,2862209.0000,3128893.0000
[2026-02-28 17:18:43] Benchmark run: phase=single step=500 target=48000 duration=60s trial=5 attempt=1
TRIAL_SERIES:single,48000,5,1,50000.0000,47991.1700,51914.0000
TRIAL_SERIES:single,48000,5,2,49996.0000,50240.7190,50571.0000
TRIAL_SERIES:single,48000,5,3,50000.0000,60721.4368,56445.0000
TRIAL_SERIES:single,48000,5,4,50003.0000,45536.7201,49080.0000
TRIAL_SERIES:single,48000,5,5,50001.0000,104954.9340,139614.0000
TRIAL_SERIES:single,48000,5,6,50000.0000,118272.9021,119124.5000
TRIAL_SERIES:single,48000,5,7,50000.0000,116127.7437,116551.5000
TRIAL_SERIES:single,48000,5,8,49996.0000,78572.5296,76846.5000
TRIAL_SERIES:single,48000,5,9,49994.0000,41385.4379,38525.5000
TRIAL_SERIES:single,48000,5,10,50009.0000,9437.4321,6936.0000
TRIAL_SERIES:single,48000,5,11,50000.0000,6794.6782,5750.0000
TRIAL_SERIES:single,48000,5,12,49999.0000,4787.9070,3831.0000
TRIAL_SERIES:single,48000,5,13,49996.0000,5901.7533,3876.0000
TRIAL_SERIES:single,48000,5,14,50006.0000,4513.0824,3741.0000
TRIAL_SERIES:single,48000,5,15,49998.0000,5093.4461,4030.0000
TRIAL_SERIES:single,48000,5,16,49999.0000,3840.9312,3159.0000
TRIAL_SERIES:single,48000,5,17,49986.0000,35642.2576,31496.0000
TRIAL_SERIES:single,48000,5,18,50016.0000,165051.0877,139828.5000
TRIAL_SERIES:single,48000,5,19,50001.0000,218435.3540,215666.0000
TRIAL_SERIES:single,48000,5,20,50000.0000,169446.1201,168185.0000
TRIAL_SERIES:single,48000,5,21,49975.0000,124361.6073,121465.0000
TRIAL_SERIES:single,48000,5,22,50022.0000,89918.1097,90476.5000
TRIAL_SERIES:single,48000,5,23,50003.0000,35870.7493,36774.0000
TRIAL_SERIES:single,48000,5,24,49985.0000,6394.1027,4050.0000
TRIAL_SERIES:single,48000,5,25,50014.0000,18452.1172,19403.5000
TRIAL_SERIES:single,48000,5,26,50001.0000,4058.4999,3604.0000
TRIAL_SERIES:single,48000,5,27,49999.0000,9018.3801,5697.0000
TRIAL_SERIES:single,48000,5,28,49998.0000,10282.1628,5527.0000
TRIAL_SERIES:single,48000,5,29,50002.0000,6835.8806,4331.0000
TRIAL_SERIES:single,48000,5,30,50000.0000,12899.2213,14406.0000
TRIAL_SERIES:single,48000,5,31,50001.0000,82677.3278,86820.0000
TRIAL_SERIES:single,48000,5,32,49998.0000,58292.1593,56169.0000
TRIAL_SERIES:single,48000,5,33,50002.0000,10135.2153,4487.0000
TRIAL_SERIES:single,48000,5,34,49998.0000,6035.1999,3573.0000
TRIAL_SERIES:single,48000,5,35,50000.0000,10557.5522,7523.5000
TRIAL_SERIES:single,48000,5,36,50001.0000,3364.8436,3054.0000
TRIAL_SERIES:single,48000,5,37,50001.0000,16192.5674,19804.0000
TRIAL_SERIES:single,48000,5,38,50000.0000,7837.7744,3872.0000
TRIAL_SERIES:single,48000,5,39,50000.0000,4376.1802,3483.0000
TRIAL_SERIES:single,48000,5,40,49999.0000,4625.1398,3249.0000
TRIAL_SERIES:single,48000,5,41,50000.0000,5174.6026,4172.0000
TRIAL_SERIES:single,48000,5,42,50000.0000,4650.6242,4024.5000
TRIAL_SERIES:single,48000,5,43,50001.0000,66497.7358,95667.0000
TRIAL_SERIES:single,48000,5,44,50000.0000,103313.0197,103293.5000
TRIAL_SERIES:single,48000,5,45,49956.0000,85122.3844,86556.5000
TRIAL_SERIES:single,48000,5,46,50043.0000,36027.7434,35902.0000
TRIAL_SERIES:single,48000,5,47,50001.0000,4477.3848,3623.0000
TRIAL_SERIES:single,48000,5,48,49999.0000,7177.5322,4685.0000
TRIAL_SERIES:single,48000,5,49,50001.0000,3973.4964,3534.0000
TRIAL_SERIES:single,48000,5,50,49998.0000,6805.1890,4163.5000
TRIAL_SERIES:single,48000,5,51,50002.0000,5171.2686,4293.0000
TRIAL_SERIES:single,48000,5,52,49996.0000,36769.7356,43005.5000
TRIAL_SERIES:single,48000,5,53,50003.0000,128611.2520,138647.0000
TRIAL_SERIES:single,48000,5,54,50001.0000,178470.4637,178271.0000
TRIAL_SERIES:single,48000,5,55,49997.0000,307800.3739,358404.0000
TRIAL_SERIES:single,48000,5,56,49998.0000,418057.6889,411330.0000
TRIAL_SERIES:single,48000,5,57,50002.0000,543882.4815,588761.0000
TRIAL_SERIES:single,48000,5,58,50000.0000,610913.1725,602518.0000
TRIAL_SERIES:single,48000,5,59,50003.0000,679897.3872,682948.0000
TRIAL_SERIES:single,48000,5,60,49999.0000,699272.3686,695647.0000
TRIAL_SERIES:single,48000,5,61,12.0000,726923.0833,727044.0000
TRIAL_RESULT:single,48000,5,49180.5082,23481.0000,95785.8550,23481.0000,694305.0000
[2026-02-28 17:21:34] Eval 1 result: target=48000 avg_thr=49344.3269 median_lat_us=23481.0000 mean_lat_us=3066640.6119 p99_lat_us=3882018.6000 pass=true status=ok
[2026-02-28 17:21:34] Single-target complete: slowdown_type=network step=500 target=48000 observed_throughput=49344.3269 observed_latency_us=23481.0000
RESULTS:49344.3269,23481.0000
RESULTS_EXT:49344.3269,23481.0000,3066640.6119,23481.0000,3882018.6000
[2026-02-28 17:21:36] Completed step 500Mbps: observed_thr=49344.3269, mean_lat_us=3066640.6119, median_lat_us=23481.0000, p99_lat_us=3882018.6000
[2026-02-28 17:21:36] Starting slowdown-profile step 100Mbps: target throughput 25000 ops/s, trials=5, duration=60s
[2026-02-28 17:21:36] Restoring snapshot 'baseline' before step 100Mbps
[2026-02-28 17:23:22] Running mode=single, slowdown_type=network, step=100, client_type=hybrid
[2026-02-28 17:23:24] Warming up cluster with 5 lightweight CQL probe(s) per node
[2026-02-28 17:23:35] Applying bandwidth limit on ccl1.cyber.lab (cassandra-node-1): 100mbit egress+ingress via ens18/ifbccl1
[2026-02-28 17:23:36] Applying bandwidth limit on ccl2.cyber.lab (cassandra-node-2): 10000mbit egress+ingress via ens18/ifbccl2
[2026-02-28 17:23:37] Applying bandwidth limit on ccl3.cyber.lab (cassandra-node-3): 10000mbit egress+ingress via ens18/ifbccl3
[2026-02-28 17:23:39] Eval 1: phase=single target=25000 trials=5 duration=60s
[2026-02-28 17:23:39] Benchmark run: phase=single step=100 target=25000 duration=60s trial=1 attempt=1
TRIAL_SERIES:single,25000,1,1,24999.0000,485492.1231,530021.0000
TRIAL_SERIES:single,25000,1,2,25001.0000,940155.1474,942870.0000
TRIAL_SERIES:single,25000,1,3,25000.0000,1240407.3494,1251542.5000
TRIAL_SERIES:single,25000,1,4,24994.0000,1483417.2554,1490842.5000
TRIAL_SERIES:single,25000,1,5,25004.0000,1716630.9623,1729960.0000
TRIAL_SERIES:single,25000,1,6,25000.0000,1860943.2988,1861967.0000
TRIAL_SERIES:single,25000,1,7,24982.0000,2005623.7858,2009090.5000
TRIAL_SERIES:single,25000,1,8,25020.0000,2065880.0008,2066070.0000
TRIAL_SERIES:single,25000,1,9,24998.0000,2054061.4482,2053561.0000
TRIAL_SERIES:single,25000,1,10,25002.0000,2040004.1960,2040502.0000
TRIAL_SERIES:single,25000,1,11,25000.0000,1999399.9430,1997944.5000
TRIAL_SERIES:single,25000,1,12,25000.0000,1947214.9508,1946261.5000
TRIAL_SERIES:single,25000,1,13,25000.0000,1868532.2213,1868174.5000
TRIAL_SERIES:single,25000,1,14,24999.0000,1783521.3017,1782401.0000
TRIAL_SERIES:single,25000,1,15,25001.0000,1703120.0800,1703993.0000
TRIAL_SERIES:single,25000,1,16,25000.0000,1615414.3602,1614332.0000
TRIAL_SERIES:single,25000,1,17,24998.0000,1525548.9314,1525232.0000
TRIAL_SERIES:single,25000,1,18,25002.0000,1431424.1719,1427393.0000
TRIAL_SERIES:single,25000,1,19,25000.0000,1340537.9704,1339861.0000
TRIAL_SERIES:single,25000,1,20,24996.0000,1242249.7554,1242803.5000
TRIAL_SERIES:single,25000,1,21,25004.0000,1145160.2385,1146186.0000
TRIAL_SERIES:single,25000,1,22,24999.0000,1045829.6517,1045439.0000
TRIAL_SERIES:single,25000,1,23,24999.0000,944971.1380,944636.0000
TRIAL_SERIES:single,25000,1,24,25002.0000,844367.8032,844391.5000
TRIAL_SERIES:single,25000,1,25,25000.0000,744168.1497,744447.0000
TRIAL_SERIES:single,25000,1,26,25000.0000,648903.0504,650064.0000
TRIAL_SERIES:single,25000,1,27,24997.0000,550529.0134,551487.0000
TRIAL_SERIES:single,25000,1,28,25003.0000,450516.8962,451314.0000
TRIAL_SERIES:single,25000,1,29,24999.0000,349873.8606,349239.0000
TRIAL_SERIES:single,25000,1,30,25000.0000,250492.9175,249393.5000
TRIAL_SERIES:single,25000,1,31,25001.0000,152460.8903,152633.0000
TRIAL_SERIES:single,25000,1,32,24997.0000,52205.5127,51353.0000
TRIAL_SERIES:single,25000,1,33,25003.0000,2027.7888,1443.0000
TRIAL_SERIES:single,25000,1,34,25000.0000,1558.4532,1424.0000
TRIAL_SERIES:single,25000,1,35,25000.0000,1584.6101,1472.0000
TRIAL_SERIES:single,25000,1,36,25000.0000,1617.2726,1478.0000
TRIAL_SERIES:single,25000,1,37,24999.0000,1618.9236,1495.0000
TRIAL_SERIES:single,25000,1,38,25001.0000,1832.8280,1526.0000
TRIAL_SERIES:single,25000,1,39,25000.0000,1510.2872,1452.0000
TRIAL_SERIES:single,25000,1,40,24999.0000,1983.2676,1530.0000
TRIAL_SERIES:single,25000,1,41,25001.0000,82159.4539,106943.0000
TRIAL_SERIES:single,25000,1,42,24999.0000,42231.2783,41104.0000
TRIAL_SERIES:single,25000,1,43,25000.0000,1371.9937,1282.0000
TRIAL_SERIES:single,25000,1,44,25001.0000,1418.2975,1309.0000
TRIAL_SERIES:single,25000,1,45,24997.0000,87508.2774,108938.0000
TRIAL_SERIES:single,25000,1,46,25002.0000,41387.0170,40427.5000
TRIAL_SERIES:single,25000,1,47,25000.0000,1403.1854,1300.5000
TRIAL_SERIES:single,25000,1,48,25000.0000,1404.9048,1336.0000
TRIAL_SERIES:single,25000,1,49,25001.0000,1414.3728,1313.0000
TRIAL_SERIES:single,25000,1,50,25000.0000,1494.3036,1285.0000
TRIAL_SERIES:single,25000,1,51,24946.0000,1368.4693,1265.0000
TRIAL_SERIES:single,25000,1,52,25054.0000,1349.4080,1260.0000
TRIAL_SERIES:single,25000,1,53,25000.0000,1350.2083,1247.0000
TRIAL_SERIES:single,25000,1,54,24999.0000,1394.9957,1259.0000
TRIAL_SERIES:single,25000,1,55,25000.0000,1338.2464,1277.0000
TRIAL_SERIES:single,25000,1,56,25001.0000,1365.6808,1284.0000
TRIAL_SERIES:single,25000,1,57,25000.0000,1367.1028,1301.0000
TRIAL_SERIES:single,25000,1,58,24999.0000,1506.9993,1299.0000
TRIAL_SERIES:single,25000,1,59,25000.0000,1317.8756,1286.0000
TRIAL_SERIES:single,25000,1,60,24988.0000,67740.8892,1638.5000
TRIAL_SERIES:single,25000,1,61,0.0000,0.0000,0.0000
TRIAL_RESULT:single,25000,1,24999.7833,192952.0000,664751.2057,192952.0000,2064918.0000
[2026-02-28 17:25:49] Benchmark run: phase=single step=100 target=25000 duration=60s trial=2 attempt=1
TRIAL_SERIES:single,25000,2,1,24995.0000,4126.2330,2602.0000
TRIAL_SERIES:single,25000,2,2,25005.0000,5867.5763,2956.0000
TRIAL_SERIES:single,25000,2,3,25000.0000,9277.3372,2162.0000
TRIAL_SERIES:single,25000,2,4,25000.0000,4654.7360,1443.0000
TRIAL_SERIES:single,25000,2,5,25000.0000,9830.6031,2022.5000
TRIAL_SERIES:single,25000,2,6,25000.0000,3806.1720,1547.0000
TRIAL_SERIES:single,25000,2,7,24999.0000,2580.1535,1422.0000
TRIAL_SERIES:single,25000,2,8,24995.0000,3251.9177,1468.0000
TRIAL_SERIES:single,25000,2,9,25006.0000,3750.5458,1512.0000
TRIAL_SERIES:single,25000,2,10,25000.0000,2874.7922,1417.0000
TRIAL_SERIES:single,25000,2,11,25000.0000,2746.3678,1436.0000
TRIAL_SERIES:single,25000,2,12,24984.0000,2153.2143,1402.0000
TRIAL_SERIES:single,25000,2,13,25016.0000,2680.7145,1409.0000
TRIAL_SERIES:single,25000,2,14,25000.0000,2208.8598,1418.0000
TRIAL_SERIES:single,25000,2,15,25000.0000,2149.6587,1424.0000
TRIAL_SERIES:single,25000,2,16,24999.0000,1925.1849,1411.0000
TRIAL_SERIES:single,25000,2,17,25001.0000,5290.8812,1441.0000
TRIAL_SERIES:single,25000,2,18,24997.0000,138256.4530,137311.0000
TRIAL_SERIES:single,25000,2,19,25000.0000,103263.7761,103608.0000
TRIAL_SERIES:single,25000,2,20,25002.0000,65449.0930,64554.0000
TRIAL_SERIES:single,25000,2,21,25000.0000,26138.5970,25377.0000
TRIAL_SERIES:single,25000,2,22,25001.0000,4542.6534,1470.0000
TRIAL_SERIES:single,25000,2,23,25000.0000,1822.2877,1451.0000
TRIAL_SERIES:single,25000,2,24,24998.0000,1853.3203,1427.0000
TRIAL_SERIES:single,25000,2,25,25001.0000,1640.2546,1456.0000
TRIAL_SERIES:single,25000,2,26,25000.0000,1718.4491,1448.0000
TRIAL_SERIES:single,25000,2,27,25000.0000,1885.9805,1492.0000
TRIAL_SERIES:single,25000,2,28,25001.0000,1810.4460,1515.0000
TRIAL_SERIES:single,25000,2,29,24999.0000,1737.8733,1471.0000
TRIAL_SERIES:single,25000,2,30,25001.0000,2026.0220,1565.0000
TRIAL_SERIES:single,25000,2,31,25000.0000,1887.2698,1473.0000
TRIAL_SERIES:single,25000,2,32,25000.0000,1737.5659,1455.0000
TRIAL_SERIES:single,25000,2,33,24992.0000,58844.1266,2383.5000
TRIAL_SERIES:single,25000,2,34,25008.0000,118077.7585,118062.5000
TRIAL_SERIES:single,25000,2,35,24999.0000,69465.3068,69372.0000
TRIAL_SERIES:single,25000,2,36,25001.0000,20358.4683,18379.0000
TRIAL_SERIES:single,25000,2,37,25000.0000,2621.4169,1585.0000
TRIAL_SERIES:single,25000,2,38,24999.0000,1603.5231,1453.0000
TRIAL_SERIES:single,25000,2,39,25000.0000,1643.9421,1462.0000
TRIAL_SERIES:single,25000,2,40,25000.0000,1966.8482,1519.5000
TRIAL_SERIES:single,25000,2,41,25001.0000,2378.2598,1505.0000
TRIAL_SERIES:single,25000,2,42,25000.0000,1686.8723,1478.5000
TRIAL_SERIES:single,25000,2,43,25000.0000,1660.1768,1456.0000
TRIAL_SERIES:single,25000,2,44,24999.0000,1608.9119,1447.0000
TRIAL_SERIES:single,25000,2,45,25001.0000,1613.5287,1440.0000
TRIAL_SERIES:single,25000,2,46,24997.0000,1799.9700,1493.0000
TRIAL_SERIES:single,25000,2,47,25003.0000,2045.5360,1431.0000
TRIAL_SERIES:single,25000,2,48,25000.0000,1813.6775,1464.0000
TRIAL_SERIES:single,25000,2,49,24999.0000,1723.8410,1422.0000
TRIAL_SERIES:single,25000,2,50,25001.0000,2059.7604,1445.0000
TRIAL_SERIES:single,25000,2,51,25000.0000,1696.1710,1447.0000
TRIAL_SERIES:single,25000,2,52,25000.0000,1631.5768,1474.0000
TRIAL_SERIES:single,25000,2,53,24999.0000,1668.4519,1484.0000
TRIAL_SERIES:single,25000,2,54,25001.0000,1556.3357,1431.0000
TRIAL_SERIES:single,25000,2,55,24997.0000,1584.4993,1437.0000
TRIAL_SERIES:single,25000,2,56,25003.0000,1546.0269,1443.0000
TRIAL_SERIES:single,25000,2,57,25000.0000,1795.4388,1492.0000
TRIAL_SERIES:single,25000,2,58,25000.0000,1556.8808,1438.0000
TRIAL_SERIES:single,25000,2,59,25000.0000,1838.2673,1479.0000
TRIAL_SERIES:single,25000,2,60,24997.0000,87838.9963,98597.0000
TRIAL_SERIES:single,25000,2,61,12.0000,78427.1667,71763.0000
TRIAL_RESULT:single,25000,2,24590.3115,1627.0000,13677.6432,1627.0000,145922.0000
[2026-02-28 17:28:01] Benchmark run: phase=single step=100 target=25000 duration=60s trial=3 attempt=1
TRIAL_SERIES:single,25000,3,1,24999.0000,2208.1242,1643.0000
TRIAL_SERIES:single,25000,3,2,25000.0000,2093.8048,1451.0000
TRIAL_SERIES:single,25000,3,3,25001.0000,2010.4746,1358.0000
TRIAL_SERIES:single,25000,3,4,25000.0000,1346.8214,1307.0000
TRIAL_SERIES:single,25000,3,5,24998.0000,1411.1833,1324.0000
TRIAL_SERIES:single,25000,3,6,25002.0000,1409.3738,1336.0000
TRIAL_SERIES:single,25000,3,7,24998.0000,1702.4236,1393.0000
TRIAL_SERIES:single,25000,3,8,25001.0000,1432.0164,1323.0000
TRIAL_SERIES:single,25000,3,9,25001.0000,1427.7570,1349.0000
TRIAL_SERIES:single,25000,3,10,24998.0000,1511.2265,1303.0000
TRIAL_SERIES:single,25000,3,11,25002.0000,1951.9876,1321.0000
TRIAL_SERIES:single,25000,3,12,25000.0000,1349.8131,1277.0000
TRIAL_SERIES:single,25000,3,13,25000.0000,1382.6995,1296.0000
TRIAL_SERIES:single,25000,3,14,25000.0000,1330.2919,1296.0000
TRIAL_SERIES:single,25000,3,15,25000.0000,1314.7456,1288.0000
TRIAL_SERIES:single,25000,3,16,24999.0000,1341.4613,1307.0000
TRIAL_SERIES:single,25000,3,17,25001.0000,1772.7644,1433.0000
TRIAL_SERIES:single,25000,3,18,24992.0000,7070.0305,1659.0000
TRIAL_SERIES:single,25000,3,19,25008.0000,12865.0563,1674.0000
TRIAL_SERIES:single,25000,3,20,25000.0000,2954.6399,1357.0000
TRIAL_SERIES:single,25000,3,21,25000.0000,97923.9861,108637.0000
TRIAL_SERIES:single,25000,3,22,25000.0000,29235.7137,25156.0000
TRIAL_SERIES:single,25000,3,23,25000.0000,1306.9997,1274.0000
TRIAL_SERIES:single,25000,3,24,24999.0000,1303.6783,1273.0000
TRIAL_SERIES:single,25000,3,25,25000.0000,1366.6999,1292.0000
TRIAL_SERIES:single,25000,3,26,25000.0000,1357.0348,1312.0000
TRIAL_SERIES:single,25000,3,27,24999.0000,1402.7776,1320.0000
TRIAL_SERIES:single,25000,3,28,25000.0000,4092.5956,1356.0000
TRIAL_SERIES:single,25000,3,29,25002.0000,3384.6762,1370.0000
TRIAL_SERIES:single,25000,3,30,25000.0000,1751.7666,1391.0000
TRIAL_SERIES:single,25000,3,31,24998.0000,1385.4875,1315.0000
TRIAL_SERIES:single,25000,3,32,25002.0000,1356.7349,1294.0000
TRIAL_SERIES:single,25000,3,33,25000.0000,1332.5152,1300.0000
TRIAL_SERIES:single,25000,3,34,25000.0000,1402.1858,1332.0000
TRIAL_SERIES:single,25000,3,35,25000.0000,1375.9998,1331.0000
TRIAL_SERIES:single,25000,3,36,25000.0000,1386.8925,1338.0000
TRIAL_SERIES:single,25000,3,37,25000.0000,1402.9067,1337.0000
TRIAL_SERIES:single,25000,3,38,25000.0000,1412.3307,1343.0000
TRIAL_SERIES:single,25000,3,39,24999.0000,1524.7917,1390.0000
TRIAL_SERIES:single,25000,3,40,25001.0000,1393.0902,1336.0000
TRIAL_SERIES:single,25000,3,41,25000.0000,1702.6856,1367.0000
TRIAL_SERIES:single,25000,3,42,24999.0000,84483.6346,88896.0000
TRIAL_SERIES:single,25000,3,43,24999.0000,13181.4789,1780.0000
TRIAL_SERIES:single,25000,3,44,25002.0000,1336.9365,1303.0000
TRIAL_SERIES:single,25000,3,45,25000.0000,1383.9105,1343.0000
TRIAL_SERIES:single,25000,3,46,25000.0000,1497.4866,1399.0000
TRIAL_SERIES:single,25000,3,47,25000.0000,1522.7199,1372.0000
TRIAL_SERIES:single,25000,3,48,24999.0000,1611.5020,1390.0000
TRIAL_SERIES:single,25000,3,49,25001.0000,1433.8074,1370.0000
TRIAL_SERIES:single,25000,3,50,25000.0000,1642.3963,1371.0000
TRIAL_SERIES:single,25000,3,51,25000.0000,1406.1620,1340.0000
TRIAL_SERIES:single,25000,3,52,25000.0000,1507.5560,1359.0000
TRIAL_SERIES:single,25000,3,53,25000.0000,1440.3544,1368.0000
TRIAL_SERIES:single,25000,3,54,25000.0000,1360.1454,1335.0000
TRIAL_SERIES:single,25000,3,55,25000.0000,1385.2013,1350.0000
TRIAL_SERIES:single,25000,3,56,25000.0000,1443.7531,1385.0000
TRIAL_SERIES:single,25000,3,57,24995.0000,1427.3293,1350.0000
TRIAL_SERIES:single,25000,3,58,25005.0000,1366.5779,1325.0000
TRIAL_SERIES:single,25000,3,59,25000.0000,1489.6367,1355.0000
TRIAL_SERIES:single,25000,3,60,24999.0000,1815.1182,1370.0000
TRIAL_SERIES:single,25000,3,61,3.0000,1986.6667,1295.0000
TRIAL_RESULT:single,25000,3,24590.1967,1359.0000,5523.6981,1359.0000,119538.0000
[2026-02-28 17:30:12] Benchmark run: phase=single step=100 target=25000 duration=60s trial=4 attempt=1
TRIAL_SERIES:single,25000,4,1,25000.0000,138663.2083,174475.0000
TRIAL_SERIES:single,25000,4,2,24999.0000,118248.4385,118371.0000
TRIAL_SERIES:single,25000,4,3,25001.0000,42850.9903,43023.0000
TRIAL_SERIES:single,25000,4,4,24999.0000,2165.4539,1328.0000
TRIAL_SERIES:single,25000,4,5,25001.0000,1444.5228,1332.0000
TRIAL_SERIES:single,25000,4,6,24999.0000,1585.7262,1348.0000
TRIAL_SERIES:single,25000,4,7,25001.0000,2454.7697,1436.0000
TRIAL_SERIES:single,25000,4,8,25000.0000,3180.3064,1524.0000
TRIAL_SERIES:single,25000,4,9,25000.0000,2994.5852,1894.0000
TRIAL_SERIES:single,25000,4,10,24999.0000,2144.0615,1390.0000
TRIAL_SERIES:single,25000,4,11,25001.0000,2011.4394,1399.0000
TRIAL_SERIES:single,25000,4,12,24999.0000,2623.3712,1632.0000
TRIAL_SERIES:single,25000,4,13,25000.0000,1980.2070,1393.0000
TRIAL_SERIES:single,25000,4,14,24996.0000,1817.8411,1399.0000
TRIAL_SERIES:single,25000,4,15,25005.0000,1926.0949,1386.0000
TRIAL_SERIES:single,25000,4,16,25000.0000,1677.4368,1374.0000
TRIAL_SERIES:single,25000,4,17,24998.0000,9271.2691,2313.0000
TRIAL_SERIES:single,25000,4,18,24977.0000,2542.2756,1441.0000
TRIAL_SERIES:single,25000,4,19,25018.0000,2019.0286,1459.0000
TRIAL_SERIES:single,25000,4,20,25000.0000,4519.7920,1740.0000
TRIAL_SERIES:single,25000,4,21,25006.0000,5605.4203,1685.0000
TRIAL_SERIES:single,25000,4,22,25000.0000,2418.1948,1519.0000
TRIAL_SERIES:single,25000,4,23,25001.0000,1717.8006,1392.0000
TRIAL_SERIES:single,25000,4,24,25000.0000,2149.4569,1524.0000
TRIAL_SERIES:single,25000,4,25,25000.0000,1623.1272,1408.0000
TRIAL_SERIES:single,25000,4,26,25000.0000,1689.2358,1411.5000
TRIAL_SERIES:single,25000,4,27,25000.0000,1683.3715,1413.0000
TRIAL_SERIES:single,25000,4,28,25000.0000,1574.7053,1396.0000
TRIAL_SERIES:single,25000,4,29,25000.0000,1660.7334,1397.0000
TRIAL_SERIES:single,25000,4,30,24999.0000,1910.8179,1405.0000
TRIAL_SERIES:single,25000,4,31,25001.0000,81716.6994,102754.0000
TRIAL_SERIES:single,25000,4,32,24997.0000,67639.7077,67657.0000
TRIAL_SERIES:single,25000,4,33,25002.0000,16314.1739,12057.5000
TRIAL_SERIES:single,25000,4,34,25001.0000,2057.1549,1403.0000
TRIAL_SERIES:single,25000,4,35,25000.0000,1585.9828,1404.0000
TRIAL_SERIES:single,25000,4,36,24998.0000,1734.7960,1443.5000
TRIAL_SERIES:single,25000,4,37,25001.0000,1682.6333,1404.0000
TRIAL_SERIES:single,25000,4,38,25001.0000,1821.8677,1443.0000
TRIAL_SERIES:single,25000,4,39,25000.0000,1708.7312,1421.0000
TRIAL_SERIES:single,25000,4,40,25000.0000,1834.1535,1454.0000
TRIAL_SERIES:single,25000,4,41,25000.0000,1827.1441,1425.0000
TRIAL_SERIES:single,25000,4,42,25000.0000,1740.2756,1433.5000
TRIAL_SERIES:single,25000,4,43,25000.0000,65321.5874,79893.5000
TRIAL_SERIES:single,25000,4,44,25000.0000,48246.6611,47710.0000
TRIAL_SERIES:single,25000,4,45,25000.0000,8724.8607,3212.5000
TRIAL_SERIES:single,25000,4,46,25000.0000,1748.5308,1419.0000
TRIAL_SERIES:single,25000,4,47,25000.0000,1599.4318,1394.0000
TRIAL_SERIES:single,25000,4,48,25000.0000,1573.6762,1382.5000
TRIAL_SERIES:single,25000,4,49,25000.0000,1599.5594,1394.0000
TRIAL_SERIES:single,25000,4,50,25000.0000,1738.4983,1448.0000
TRIAL_SERIES:single,25000,4,51,24999.0000,1808.6078,1444.0000
TRIAL_SERIES:single,25000,4,52,25000.0000,1489.0243,1343.0000
TRIAL_SERIES:single,25000,4,53,25000.0000,1360.2221,1316.0000
TRIAL_SERIES:single,25000,4,54,25000.0000,1427.6201,1352.5000
TRIAL_SERIES:single,25000,4,55,25000.0000,1573.0064,1386.0000
TRIAL_SERIES:single,25000,4,56,25001.0000,1423.9392,1369.0000
TRIAL_SERIES:single,25000,4,57,24999.0000,1607.8637,1415.0000
TRIAL_SERIES:single,25000,4,58,25000.0000,1561.2732,1401.0000
TRIAL_SERIES:single,25000,4,59,25001.0000,1405.6239,1362.0000
TRIAL_SERIES:single,25000,4,60,24998.0000,6673.2843,1404.0000
TRIAL_SERIES:single,25000,4,61,0.0000,0.0000,0.0000
TRIAL_RESULT:single,25000,4,24999.9667,1497.0000,11678.2313,1497.0000,167050.0000
[2026-02-28 17:32:22] Benchmark run: phase=single step=100 target=25000 duration=60s trial=5 attempt=1
TRIAL_SERIES:single,25000,5,1,25000.0000,2984.4284,1589.0000
TRIAL_SERIES:single,25000,5,2,25000.0000,1683.7596,1423.0000
TRIAL_SERIES:single,25000,5,3,24999.0000,1590.5513,1388.0000
TRIAL_SERIES:single,25000,5,4,25000.0000,1443.5016,1363.0000
TRIAL_SERIES:single,25000,5,5,24998.0000,1504.2120,1386.0000
TRIAL_SERIES:single,25000,5,6,25001.0000,1495.7495,1386.0000
TRIAL_SERIES:single,25000,5,7,25001.0000,71665.0242,102565.0000
TRIAL_SERIES:single,25000,5,8,25001.0000,87476.8819,87366.0000
TRIAL_SERIES:single,25000,5,9,25000.0000,49697.6713,49405.5000
TRIAL_SERIES:single,25000,5,10,25000.0000,14483.0463,12971.5000
TRIAL_SERIES:single,25000,5,11,25000.0000,3176.5531,1497.0000
TRIAL_SERIES:single,25000,5,12,25000.0000,2018.1502,1474.0000
TRIAL_SERIES:single,25000,5,13,25000.0000,2045.2458,1479.0000
TRIAL_SERIES:single,25000,5,14,25000.0000,1644.0544,1418.0000
TRIAL_SERIES:single,25000,5,15,25000.0000,1679.4607,1464.0000
TRIAL_SERIES:single,25000,5,16,25000.0000,106558.5898,108769.0000
TRIAL_SERIES:single,25000,5,17,24999.0000,65803.5754,66140.0000
TRIAL_SERIES:single,25000,5,18,24997.0000,23760.5928,23190.0000
TRIAL_SERIES:single,25000,5,19,25004.0000,3616.4785,1516.0000
TRIAL_SERIES:single,25000,5,20,24999.0000,3224.0618,1541.0000
TRIAL_SERIES:single,25000,5,21,25000.0000,4696.4572,1526.0000
TRIAL_SERIES:single,25000,5,22,25000.0000,1775.0205,1460.0000
TRIAL_SERIES:single,25000,5,23,25001.0000,1802.4403,1472.0000
TRIAL_SERIES:single,25000,5,24,24998.0000,3541.1553,1617.0000
TRIAL_SERIES:single,25000,5,25,25002.0000,4515.7401,1791.0000
TRIAL_SERIES:single,25000,5,26,24999.0000,1611.1110,1450.0000
TRIAL_SERIES:single,25000,5,27,25000.0000,78331.1887,113068.0000
TRIAL_SERIES:single,25000,5,28,25001.0000,85892.8423,85344.0000
TRIAL_SERIES:single,25000,5,29,25000.0000,34163.7886,34249.0000
TRIAL_SERIES:single,25000,5,30,25000.0000,5592.8100,1569.0000
TRIAL_SERIES:single,25000,5,31,24999.0000,4528.9250,1555.0000
TRIAL_SERIES:single,25000,5,32,25000.0000,1726.5134,1499.0000
TRIAL_SERIES:single,25000,5,33,25001.0000,1621.9676,1416.0000
TRIAL_SERIES:single,25000,5,34,24999.0000,1584.3288,1429.0000
TRIAL_SERIES:single,25000,5,35,25001.0000,1615.0148,1461.0000
TRIAL_SERIES:single,25000,5,36,25000.0000,1781.3846,1475.0000
TRIAL_SERIES:single,25000,5,37,24999.0000,1657.7356,1483.0000
TRIAL_SERIES:single,25000,5,38,25000.0000,2272.6094,1575.0000
TRIAL_SERIES:single,25000,5,39,25000.0000,1715.0512,1470.0000
TRIAL_SERIES:single,25000,5,40,25001.0000,1749.2257,1356.0000
TRIAL_SERIES:single,25000,5,41,25000.0000,1486.3620,1351.0000
TRIAL_SERIES:single,25000,5,42,25000.0000,1433.6179,1334.0000
TRIAL_SERIES:single,25000,5,43,25000.0000,1388.3168,1317.0000
TRIAL_SERIES:single,25000,5,44,24995.0000,1370.8066,1328.0000
TRIAL_SERIES:single,25000,5,45,25005.0000,1414.0871,1354.0000
TRIAL_SERIES:single,25000,5,46,25000.0000,1415.7251,1353.0000
TRIAL_SERIES:single,25000,5,47,25000.0000,1402.8210,1334.0000
TRIAL_SERIES:single,25000,5,48,25000.0000,1409.9563,1355.0000
TRIAL_SERIES:single,25000,5,49,25000.0000,1423.0242,1355.0000
TRIAL_SERIES:single,25000,5,50,24999.0000,1751.2070,1347.0000
TRIAL_SERIES:single,25000,5,51,25001.0000,1515.4432,1361.0000
TRIAL_SERIES:single,25000,5,52,25000.0000,1414.1354,1327.0000
TRIAL_SERIES:single,25000,5,53,24999.0000,1360.4524,1325.0000
TRIAL_SERIES:single,25000,5,54,24999.0000,1421.1472,1347.0000
TRIAL_SERIES:single,25000,5,55,25001.0000,1382.7278,1343.0000
TRIAL_SERIES:single,25000,5,56,24999.0000,1432.1252,1347.0000
TRIAL_SERIES:single,25000,5,57,25000.0000,1460.6687,1347.0000
TRIAL_SERIES:single,25000,5,58,25000.0000,1514.2765,1347.0000
TRIAL_SERIES:single,25000,5,59,25002.0000,1376.1849,1346.0000
TRIAL_SERIES:single,25000,5,60,24995.0000,33571.5317,1692.0000
TRIAL_SERIES:single,25000,5,61,0.0000,0.0000,0.0000
TRIAL_RESULT:single,25000,5,24999.9167,1476.0000,12511.1986,1476.0000,130073.0000
[2026-02-28 17:34:32] Eval 1 result: target=25000 avg_thr=24836.0350 median_lat_us=1497.0000 mean_lat_us=141628.3954 p99_lat_us=525500.2000 pass=true status=ok
[2026-02-28 17:34:32] Single-target complete: slowdown_type=network step=100 target=25000 observed_throughput=24836.0350 observed_latency_us=1497.0000
RESULTS:24836.0350,1497.0000
RESULTS_EXT:24836.0350,1497.0000,141628.3954,1497.0000,525500.2000
[2026-02-28 17:34:35] Completed step 100Mbps: observed_thr=24836.0350, mean_lat_us=141628.3954, median_lat_us=1497.0000, p99_lat_us=525500.2000
[2026-02-28 17:34:35] Starting slowdown-profile step 50Mbps: target throughput 12000 ops/s, trials=5, duration=60s
[2026-02-28 17:34:35] Restoring snapshot 'baseline' before step 50Mbps
[2026-02-28 17:36:26] Running mode=single, slowdown_type=network, step=50, client_type=hybrid
[2026-02-28 17:36:28] Warming up cluster with 5 lightweight CQL probe(s) per node
[2026-02-28 17:36:39] Applying bandwidth limit on ccl1.cyber.lab (cassandra-node-1): 50mbit egress+ingress via ens18/ifbccl1
[2026-02-28 17:36:40] Applying bandwidth limit on ccl2.cyber.lab (cassandra-node-2): 10000mbit egress+ingress via ens18/ifbccl2
[2026-02-28 17:36:41] Applying bandwidth limit on ccl3.cyber.lab (cassandra-node-3): 10000mbit egress+ingress via ens18/ifbccl3
[2026-02-28 17:36:44] Eval 1: phase=single target=12000 trials=5 duration=60s
[2026-02-28 17:36:44] Benchmark run: phase=single step=50 target=12000 duration=60s trial=1 attempt=1
TRIAL_SERIES:single,12000,1,1,12047.0000,221819.9224,240029.0000
TRIAL_SERIES:single,12000,1,2,12049.0000,264817.3092,263950.0000
TRIAL_SERIES:single,12000,1,3,12049.0000,283367.7333,283418.0000
TRIAL_SERIES:single,12000,1,4,12047.0000,298422.4701,298703.0000
TRIAL_SERIES:single,12000,1,5,12049.0000,322156.4447,322023.0000
TRIAL_SERIES:single,12000,1,6,12049.0000,348334.8060,347616.0000
TRIAL_SERIES:single,12000,1,7,12048.0000,380515.2654,379022.0000
TRIAL_SERIES:single,12000,1,8,12047.0000,407453.7947,407353.0000
TRIAL_SERIES:single,12000,1,9,12047.0000,438505.8377,438499.0000
TRIAL_SERIES:single,12000,1,10,12048.0000,465788.4575,464821.0000
TRIAL_SERIES:single,12000,1,11,12050.0000,494622.6744,493315.0000
TRIAL_SERIES:single,12000,1,12,12047.0000,526785.4420,525314.0000
TRIAL_SERIES:single,12000,1,13,12050.0000,556734.3466,557354.0000
TRIAL_SERIES:single,12000,1,14,12047.0000,589441.2809,588479.0000
TRIAL_SERIES:single,12000,1,15,12048.0000,621110.1606,620990.0000
TRIAL_SERIES:single,12000,1,16,12046.0000,648213.3903,646945.0000
TRIAL_SERIES:single,12000,1,17,12052.0000,679303.3589,677589.5000
TRIAL_SERIES:single,12000,1,18,12048.0000,710457.4310,710455.5000
TRIAL_SERIES:single,12000,1,19,12047.0000,739935.8449,740074.0000
TRIAL_SERIES:single,12000,1,20,12045.0000,768790.0784,768453.0000
TRIAL_SERIES:single,12000,1,21,12052.0000,800836.6352,800499.5000
TRIAL_SERIES:single,12000,1,22,12048.0000,832059.1609,832409.5000
TRIAL_SERIES:single,12000,1,23,12048.0000,865505.2128,864711.0000
TRIAL_SERIES:single,12000,1,24,12045.0000,896051.4868,895540.0000
TRIAL_SERIES:single,12000,1,25,12050.0000,924306.6042,924369.0000
TRIAL_SERIES:single,12000,1,26,12050.0000,956266.6457,954175.0000
TRIAL_SERIES:single,12000,1,27,12046.0000,984018.4253,983374.0000
TRIAL_SERIES:single,12000,1,28,12049.0000,1013585.0158,1012218.0000
TRIAL_SERIES:single,12000,1,29,12050.0000,1041689.3474,1040961.0000
TRIAL_SERIES:single,12000,1,30,12048.0000,1072237.1939,1072114.5000
TRIAL_SERIES:single,12000,1,31,12042.0000,1102080.1432,1101406.5000
TRIAL_SERIES:single,12000,1,32,12054.0000,1132907.0105,1131919.0000
TRIAL_SERIES:single,12000,1,33,12049.0000,1159713.6277,1159342.0000
TRIAL_SERIES:single,12000,1,34,12047.0000,1182041.4624,1181548.0000
TRIAL_SERIES:single,12000,1,35,12042.0000,1211210.6398,1209785.0000
TRIAL_SERIES:single,12000,1,36,12049.0000,1235928.5570,1236365.0000
TRIAL_SERIES:single,12000,1,37,12053.0000,1257078.2523,1256807.0000
TRIAL_SERIES:single,12000,1,38,12048.0000,1283246.2297,1282970.0000
TRIAL_SERIES:single,12000,1,39,12048.0000,1305240.3496,1305343.0000
TRIAL_SERIES:single,12000,1,40,12044.0000,1329110.8149,1328087.5000
TRIAL_SERIES:single,12000,1,41,12053.0000,1354421.3958,1353394.0000
TRIAL_SERIES:single,12000,1,42,12044.0000,1373510.1200,1373163.0000
TRIAL_SERIES:single,12000,1,43,12053.0000,1392187.3192,1391968.0000
TRIAL_SERIES:single,12000,1,44,12048.0000,1414179.3801,1414041.5000
TRIAL_SERIES:single,12000,1,45,12047.0000,1440445.0911,1440462.0000
TRIAL_SERIES:single,12000,1,46,12050.0000,1463085.1244,1462312.0000
TRIAL_SERIES:single,12000,1,47,12046.0000,1486959.7151,1487546.5000
TRIAL_SERIES:single,12000,1,48,12051.0000,1512349.1937,1512558.0000
TRIAL_SERIES:single,12000,1,49,12047.0000,1536314.3052,1536845.0000
TRIAL_SERIES:single,12000,1,50,12046.0000,1555607.9372,1556040.0000
TRIAL_SERIES:single,12000,1,51,12051.0000,1573322.9153,1573596.0000
TRIAL_SERIES:single,12000,1,52,12047.0000,1589652.1740,1588374.0000
TRIAL_SERIES:single,12000,1,53,12047.0000,1609608.6304,1609050.0000
TRIAL_SERIES:single,12000,1,54,12048.0000,1633164.9283,1633716.0000
TRIAL_SERIES:single,12000,1,55,12044.0000,1651620.7472,1651400.0000
TRIAL_SERIES:single,12000,1,56,12053.0000,1672322.5427,1671990.0000
TRIAL_SERIES:single,12000,1,57,12050.0000,1693179.4189,1693980.5000
TRIAL_SERIES:single,12000,1,58,12045.0000,1711071.5352,1710753.0000
TRIAL_SERIES:single,12000,1,59,12049.0000,1734381.6313,1735340.0000
TRIAL_SERIES:single,12000,1,60,12047.0000,1749998.2479,1749695.0000
TRIAL_SERIES:single,12000,1,61,5.0000,1736466.8000,1737171.0000
TRIAL_SERIES:single,12000,1,62,0.0000,0.0000,0.0000
TRIAL_RESULT:single,12000,1,11850.7049,1087390.0000,1041655.3556,1087390.0000,1754103.0000
[2026-02-28 17:38:48] Benchmark run: phase=single step=50 target=12000 duration=60s trial=2 attempt=1
TRIAL_SERIES:single,12000,2,1,12040.0000,51024.6755,49740.5000
TRIAL_SERIES:single,12000,2,2,12053.0000,153267.8512,154508.0000
TRIAL_SERIES:single,12000,2,3,12049.0000,252722.5797,253948.0000
TRIAL_SERIES:single,12000,2,4,12049.0000,348476.0565,344487.0000
TRIAL_SERIES:single,12000,2,5,12050.0000,505365.9637,506442.5000
TRIAL_SERIES:single,12000,2,6,12045.0000,688991.3670,690424.0000
TRIAL_SERIES:single,12000,2,7,12051.0000,878686.1472,879798.0000
TRIAL_SERIES:single,12000,2,8,12046.0000,1057243.2109,1057867.0000
TRIAL_SERIES:single,12000,2,9,12049.0000,1238974.7942,1240191.0000
TRIAL_SERIES:single,12000,2,10,12049.0000,1400454.9414,1400661.0000
TRIAL_SERIES:single,12000,2,11,12047.0000,1563763.2754,1564932.0000
TRIAL_SERIES:single,12000,2,12,12046.0000,1724717.5599,1725609.5000
TRIAL_SERIES:single,12000,2,13,12050.0000,2086783.5431,2092749.5000
TRIAL_SERIES:single,12000,2,14,12040.0000,2232269.1074,2234338.0000
TRIAL_SERIES:single,12000,2,15,12055.0000,2367597.9714,2367791.0000
TRIAL_SERIES:single,12000,2,16,12052.0000,2505010.9239,2505028.0000
TRIAL_SERIES:single,12000,2,17,12046.0000,2637646.2234,2638260.5000
TRIAL_SERIES:single,12000,2,18,12051.0000,2763727.9854,2764380.0000
TRIAL_SERIES:single,12000,2,19,12048.0000,2892756.7644,2892750.0000
TRIAL_SERIES:single,12000,2,20,12048.0000,3021971.4550,3022226.0000
TRIAL_SERIES:single,12000,2,21,12048.0000,3141983.8450,3142231.5000
TRIAL_SERIES:single,12000,2,22,12048.0000,3255316.7930,3256232.0000
TRIAL_SERIES:single,12000,2,23,12048.0000,3358470.7330,3358545.5000
TRIAL_SERIES:single,12000,2,24,12049.0000,3460874.1826,3460963.0000
TRIAL_SERIES:single,12000,2,25,12047.0000,3697640.6958,3719746.0000
TRIAL_SERIES:single,12000,2,26,12047.0000,3804547.2358,3804604.0000
TRIAL_SERIES:single,12000,2,27,12049.0000,3880343.8273,3879118.0000
TRIAL_SERIES:single,12000,2,28,12049.0000,3885430.4950,3870169.0000
TRIAL_SERIES:single,12000,2,29,12048.0000,3869432.3716,3855297.0000
TRIAL_SERIES:single,12000,2,30,12048.0000,3849587.8991,3836344.0000
TRIAL_SERIES:single,12000,2,31,12046.0000,3826624.8109,3811250.5000
TRIAL_SERIES:single,12000,2,32,12051.0000,3804687.4161,3791845.0000
TRIAL_SERIES:single,12000,2,33,12047.0000,3779324.2562,3765482.0000
TRIAL_SERIES:single,12000,2,34,12050.0000,3754566.3463,3742430.0000
TRIAL_SERIES:single,12000,2,35,12048.0000,3723162.6942,3711961.0000
TRIAL_SERIES:single,12000,2,36,12046.0000,3689151.8874,3677705.0000
TRIAL_SERIES:single,12000,2,37,12049.0000,3658725.1051,3646937.0000
TRIAL_SERIES:single,12000,2,38,12049.0000,3628556.4304,3617536.0000
TRIAL_SERIES:single,12000,2,39,12048.0000,3595550.6121,3584533.5000
TRIAL_SERIES:single,12000,2,40,12048.0000,3560704.0065,3550314.5000
TRIAL_SERIES:single,12000,2,41,12047.0000,3527350.9401,3516334.0000
TRIAL_SERIES:single,12000,2,42,12050.0000,3495318.2764,3483558.0000
TRIAL_SERIES:single,12000,2,43,12046.0000,3464881.9296,3453804.5000
TRIAL_SERIES:single,12000,2,44,12048.0000,3429332.3703,3418950.0000
TRIAL_SERIES:single,12000,2,45,12051.0000,3390191.1340,3379362.0000
TRIAL_SERIES:single,12000,2,46,12048.0000,3355216.7444,3344289.0000
TRIAL_SERIES:single,12000,2,47,12048.0000,3321495.1265,3309738.0000
TRIAL_SERIES:single,12000,2,48,12047.0000,3286328.0702,3276500.0000
TRIAL_SERIES:single,12000,2,49,12044.0000,3250329.2292,3241068.5000
TRIAL_SERIES:single,12000,2,50,12053.0000,3212361.3999,3203356.0000
TRIAL_SERIES:single,12000,2,51,12049.0000,3174506.6657,3164347.0000
TRIAL_SERIES:single,12000,2,52,12048.0000,3137332.3024,3128323.0000
TRIAL_SERIES:single,12000,2,53,12043.0000,3097814.3034,3086866.0000
TRIAL_SERIES:single,12000,2,54,12050.0000,3062681.4092,3053295.5000
TRIAL_SERIES:single,12000,2,55,12051.0000,3026355.4969,3017083.0000
TRIAL_SERIES:single,12000,2,56,12048.0000,2988564.4462,2978102.5000
TRIAL_SERIES:single,12000,2,57,12049.0000,2947238.0361,2939298.0000
TRIAL_SERIES:single,12000,2,58,12045.0000,2906791.5007,2896513.0000
TRIAL_SERIES:single,12000,2,59,12052.0000,2868930.5434,2858605.5000
TRIAL_SERIES:single,12000,2,60,12048.0000,2830730.2487,2822443.5000
TRIAL_SERIES:single,12000,2,61,4.0000,2819379.0000,2819384.5000
TRIAL_SERIES:single,12000,2,62,0.0000,0.0000,0.0000
TRIAL_SERIES:single,12000,2,63,0.0000,0.0000,0.0000
TRIAL_RESULT:single,12000,2,11850.7541,3166358.0000,2789507.4986,3166358.0000,3911839.0000
[2026-02-28 17:40:54] Benchmark run: phase=single step=50 target=12000 duration=60s trial=3 attempt=1
TRIAL_SERIES:single,12000,3,1,12048.0000,7398.1899,1251.0000
TRIAL_SERIES:single,12000,3,2,12047.0000,12099.6983,1273.0000
TRIAL_SERIES:single,12000,3,3,12048.0000,14627.5362,1298.0000
TRIAL_SERIES:single,12000,3,4,12048.0000,16572.6878,1345.0000
TRIAL_SERIES:single,12000,3,5,12044.0000,16772.7944,1341.0000
TRIAL_SERIES:single,12000,3,6,12053.0000,17487.0778,1296.0000
TRIAL_SERIES:single,12000,3,7,12048.0000,17124.9432,1303.0000
TRIAL_SERIES:single,12000,3,8,12049.0000,16560.6878,1291.0000
TRIAL_SERIES:single,12000,3,9,12049.0000,16491.1665,1299.0000
TRIAL_SERIES:single,12000,3,10,12038.0000,15826.9772,1267.0000
TRIAL_SERIES:single,12000,3,11,12058.0000,16257.4807,1350.0000
TRIAL_SERIES:single,12000,3,12,12045.0000,15870.0775,1277.0000
TRIAL_SERIES:single,12000,3,13,12048.0000,15683.0341,1251.0000
TRIAL_SERIES:single,12000,3,14,12052.0000,15062.8674,1265.0000
TRIAL_SERIES:single,12000,3,15,12045.0000,12407.6873,1244.0000
TRIAL_SERIES:single,12000,3,16,12050.0000,11922.1801,1255.0000
TRIAL_SERIES:single,12000,3,17,12049.0000,10763.5557,1234.0000
TRIAL_SERIES:single,12000,3,18,12048.0000,11048.9641,1226.5000
TRIAL_SERIES:single,12000,3,19,12048.0000,10342.0483,1240.0000
TRIAL_SERIES:single,12000,3,20,12049.0000,10621.1414,1236.0000
TRIAL_SERIES:single,12000,3,21,12047.0000,10903.9837,1244.0000
TRIAL_SERIES:single,12000,3,22,12049.0000,11081.0613,1244.0000
TRIAL_SERIES:single,12000,3,23,12046.0000,10318.5892,1222.0000
TRIAL_SERIES:single,12000,3,24,12051.0000,8752.5912,1224.0000
TRIAL_SERIES:single,12000,3,25,12046.0000,8551.9375,1214.0000
TRIAL_SERIES:single,12000,3,26,12048.0000,112294.1976,101765.0000
TRIAL_SERIES:single,12000,3,27,12048.0000,102775.6778,86426.0000
TRIAL_SERIES:single,12000,3,28,12049.0000,84872.2057,69649.0000
TRIAL_SERIES:single,12000,3,29,12048.0000,63777.1371,49524.5000
TRIAL_SERIES:single,12000,3,30,12049.0000,42099.2863,26656.0000
TRIAL_SERIES:single,12000,3,31,12048.0000,24122.2493,7888.0000
TRIAL_SERIES:single,12000,3,32,12048.0000,15699.7505,1253.0000
TRIAL_SERIES:single,12000,3,33,12047.0000,11367.1837,1264.0000
TRIAL_SERIES:single,12000,3,34,12050.0000,8937.8813,1228.0000
TRIAL_SERIES:single,12000,3,35,12048.0000,8214.9465,1223.0000
TRIAL_SERIES:single,12000,3,36,12049.0000,8103.7098,1227.0000
TRIAL_SERIES:single,12000,3,37,12048.0000,8125.4436,1211.0000
TRIAL_SERIES:single,12000,3,38,12048.0000,8013.5449,1211.0000
TRIAL_SERIES:single,12000,3,39,12047.0000,112718.6236,104447.0000
TRIAL_SERIES:single,12000,3,40,12049.0000,99590.9835,84440.0000
TRIAL_SERIES:single,12000,3,41,12043.0000,77875.7165,64028.0000
TRIAL_SERIES:single,12000,3,42,12054.0000,51233.2872,38412.0000
TRIAL_SERIES:single,12000,3,43,12048.0000,25489.3991,11148.5000
TRIAL_SERIES:single,12000,3,44,12046.0000,14078.1777,1262.0000
TRIAL_SERIES:single,12000,3,45,12050.0000,8990.9198,1226.0000
TRIAL_SERIES:single,12000,3,46,12047.0000,8102.6891,1226.0000
TRIAL_SERIES:single,12000,3,47,12049.0000,7524.1042,1211.0000
TRIAL_SERIES:single,12000,3,48,12049.0000,7382.0674,1212.0000
TRIAL_SERIES:single,12000,3,49,12048.0000,7177.6869,1214.0000
TRIAL_SERIES:single,12000,3,50,12048.0000,7018.8747,1212.0000
TRIAL_SERIES:single,12000,3,51,12048.0000,6879.3043,1196.0000
TRIAL_SERIES:single,12000,3,52,12047.0000,7245.7488,1177.0000
TRIAL_SERIES:single,12000,3,53,12050.0000,7173.2050,1186.0000
TRIAL_SERIES:single,12000,3,54,12048.0000,7843.1536,1222.0000
TRIAL_SERIES:single,12000,3,55,12049.0000,7438.9070,1188.0000
TRIAL_SERIES:single,12000,3,56,12047.0000,6943.4405,1179.0000
TRIAL_SERIES:single,12000,3,57,12046.0000,6989.2281,1160.0000
TRIAL_SERIES:single,12000,3,58,12050.0000,7056.0342,1171.0000
TRIAL_SERIES:single,12000,3,59,12048.0000,6854.3451,1161.0000
TRIAL_SERIES:single,12000,3,60,12048.0000,6644.1097,1189.0000
TRIAL_SERIES:single,12000,3,61,2.0000,1017.5000,1017.5000
TRIAL_RESULT:single,12000,3,11850.6885,1378.0000,22119.8183,1378.0000,150444.0000
[2026-02-28 17:42:55] Benchmark run: phase=single step=50 target=12000 duration=60s trial=4 attempt=1
TRIAL_SERIES:single,12000,4,1,12047.0000,7637.3236,1200.0000
TRIAL_SERIES:single,12000,4,2,12045.0000,13808.8796,1219.0000
TRIAL_SERIES:single,12000,4,3,12053.0000,17266.3362,1228.0000
TRIAL_SERIES:single,12000,4,4,12047.0000,19873.7726,1234.0000
TRIAL_SERIES:single,12000,4,5,12048.0000,22418.8847,3565.5000
TRIAL_SERIES:single,12000,4,6,12049.0000,22756.3662,3909.0000
TRIAL_SERIES:single,12000,4,7,12049.0000,24431.2858,4951.0000
TRIAL_SERIES:single,12000,4,8,12048.0000,26632.1316,7093.0000
TRIAL_SERIES:single,12000,4,9,12048.0000,27114.1273,7769.5000
TRIAL_SERIES:single,12000,4,10,12048.0000,27875.4546,8620.0000
TRIAL_SERIES:single,12000,4,11,12048.0000,27646.1252,8468.5000
TRIAL_SERIES:single,12000,4,12,12047.0000,27396.5764,7992.0000
TRIAL_SERIES:single,12000,4,13,12048.0000,28191.5845,9600.0000
TRIAL_SERIES:single,12000,4,14,12047.0000,22148.0898,2621.0000
TRIAL_SERIES:single,12000,4,15,12051.0000,21571.9786,2051.0000
TRIAL_SERIES:single,12000,4,16,12045.0000,21011.6969,1430.0000
TRIAL_SERIES:single,12000,4,17,12052.0000,19901.8553,1287.0000
TRIAL_SERIES:single,12000,4,18,12048.0000,19619.0267,1313.0000
TRIAL_SERIES:single,12000,4,19,12046.0000,17751.8599,1295.0000
TRIAL_SERIES:single,12000,4,20,12050.0000,18612.5162,1296.0000
TRIAL_SERIES:single,12000,4,21,12047.0000,19546.9077,1287.0000
TRIAL_SERIES:single,12000,4,22,12049.0000,19510.6767,1289.0000
TRIAL_SERIES:single,12000,4,23,12049.0000,18121.2565,1277.0000
TRIAL_SERIES:single,12000,4,24,12048.0000,17122.2801,1274.0000
TRIAL_SERIES:single,12000,4,25,12048.0000,16429.1912,1277.5000
TRIAL_SERIES:single,12000,4,26,12046.0000,16057.5676,1273.0000
TRIAL_SERIES:single,12000,4,27,12050.0000,16375.3108,1290.0000
TRIAL_SERIES:single,12000,4,28,12047.0000,16101.5738,1274.0000
TRIAL_SERIES:single,12000,4,29,12049.0000,13997.7676,1229.0000
TRIAL_SERIES:single,12000,4,30,12049.0000,11373.8264,1242.0000
TRIAL_SERIES:single,12000,4,31,12048.0000,10590.2358,1229.0000
TRIAL_SERIES:single,12000,4,32,12047.0000,9587.4438,1204.0000
TRIAL_SERIES:single,12000,4,33,12049.0000,9691.1724,1229.0000
TRIAL_SERIES:single,12000,4,34,12049.0000,10248.5048,1238.0000
TRIAL_SERIES:single,12000,4,35,12045.0000,10007.1901,1239.0000
TRIAL_SERIES:single,12000,4,36,12051.0000,9047.2919,1217.0000
TRIAL_SERIES:single,12000,4,37,12047.0000,8776.3725,1228.0000
TRIAL_SERIES:single,12000,4,38,12049.0000,8958.2834,1243.0000
TRIAL_SERIES:single,12000,4,39,12046.0000,10849.7344,1275.0000
TRIAL_SERIES:single,12000,4,40,12051.0000,10119.1844,1263.0000
TRIAL_SERIES:single,12000,4,41,12048.0000,8832.4605,1243.0000
TRIAL_SERIES:single,12000,4,42,12047.0000,8318.0291,1203.0000
TRIAL_SERIES:single,12000,4,43,12049.0000,9055.1674,1221.0000
TRIAL_SERIES:single,12000,4,44,12043.0000,8889.6382,1264.0000
TRIAL_SERIES:single,12000,4,45,12053.0000,8745.3352,1265.0000
TRIAL_SERIES:single,12000,4,46,12049.0000,9278.9345,1238.0000
TRIAL_SERIES:single,12000,4,47,12041.0000,9138.8185,1268.0000
TRIAL_SERIES:single,12000,4,48,12053.0000,8663.7461,1257.0000
TRIAL_SERIES:single,12000,4,49,12048.0000,8403.3080,1243.5000
TRIAL_SERIES:single,12000,4,50,12050.0000,8138.7060,1270.0000
TRIAL_SERIES:single,12000,4,51,12049.0000,8286.7099,1251.0000
TRIAL_SERIES:single,12000,4,52,12048.0000,61436.4901,20432.5000
TRIAL_SERIES:single,12000,4,53,12048.0000,130657.6912,115764.0000
TRIAL_SERIES:single,12000,4,54,12047.0000,107239.4387,92748.0000
TRIAL_SERIES:single,12000,4,55,12046.0000,81602.5889,69148.5000
TRIAL_SERIES:single,12000,4,56,12048.0000,57089.8704,43499.5000
TRIAL_SERIES:single,12000,4,57,12052.0000,41776.1822,26688.0000
TRIAL_SERIES:single,12000,4,58,12048.0000,105450.4046,117467.0000
TRIAL_SERIES:single,12000,4,59,12048.0000,116882.9856,102655.0000
TRIAL_SERIES:single,12000,4,60,12033.0000,90807.9456,78744.0000
TRIAL_SERIES:single,12000,4,61,0.0000,0.0000,0.0000
TRIAL_RESULT:single,12000,4,12047.9333,4514.0000,26412.8690,4514.0000,166154.0000
[2026-02-28 17:44:59] Benchmark run: phase=single step=50 target=12000 duration=60s trial=5 attempt=1
TRIAL_SERIES:single,12000,5,1,12048.0000,15285.7833,1754.5000
TRIAL_SERIES:single,12000,5,2,12049.0000,1492.5595,1165.0000
TRIAL_SERIES:single,12000,5,3,12046.0000,1314.6395,1163.0000
TRIAL_SERIES:single,12000,5,4,12049.0000,1265.3034,1158.0000
TRIAL_SERIES:single,12000,5,5,12049.0000,3301.9383,1194.0000
TRIAL_SERIES:single,12000,5,6,12049.0000,11963.5493,1295.0000
TRIAL_SERIES:single,12000,5,7,12046.0000,14223.5974,1258.0000
TRIAL_SERIES:single,12000,5,8,12049.0000,16791.9192,1266.0000
TRIAL_SERIES:single,12000,5,9,12049.0000,18511.9735,1268.0000
TRIAL_SERIES:single,12000,5,10,12048.0000,18375.9043,1283.0000
TRIAL_SERIES:single,12000,5,11,12048.0000,17928.2352,1298.0000
TRIAL_SERIES:single,12000,5,12,12047.0000,18808.0146,1322.0000
TRIAL_SERIES:single,12000,5,13,12048.0000,50414.7358,36953.5000
TRIAL_SERIES:single,12000,5,14,12050.0000,53665.3890,35903.0000
TRIAL_SERIES:single,12000,5,15,12048.0000,48708.5469,30459.0000
TRIAL_SERIES:single,12000,5,16,12048.0000,42858.1583,25408.0000
TRIAL_SERIES:single,12000,5,17,12048.0000,31808.8444,15509.0000
TRIAL_SERIES:single,12000,5,18,12048.0000,19594.1853,1569.0000
TRIAL_SERIES:single,12000,5,19,12048.0000,17151.5916,1259.0000
TRIAL_SERIES:single,12000,5,20,12048.0000,16687.5310,1285.0000
TRIAL_SERIES:single,12000,5,21,12049.0000,15335.9499,1292.0000
TRIAL_SERIES:single,12000,5,22,12048.0000,15585.4385,1297.0000
TRIAL_SERIES:single,12000,5,23,12047.0000,15712.0286,1314.0000
TRIAL_SERIES:single,12000,5,24,12046.0000,16056.7019,1300.0000
TRIAL_SERIES:single,12000,5,25,12052.0000,15550.1074,1283.0000
TRIAL_SERIES:single,12000,5,26,12048.0000,14710.2723,1287.0000
TRIAL_SERIES:single,12000,5,27,12046.0000,15488.6993,1291.5000
TRIAL_SERIES:single,12000,5,28,12049.0000,15929.2180,1275.0000
TRIAL_SERIES:single,12000,5,29,12047.0000,14794.2357,1285.0000
TRIAL_SERIES:single,12000,5,30,12051.0000,14303.4693,1284.0000
TRIAL_SERIES:single,12000,5,31,12043.0000,14444.7841,1284.0000
TRIAL_SERIES:single,12000,5,32,12052.0000,13730.1640,1279.0000
TRIAL_SERIES:single,12000,5,33,12049.0000,13387.8050,1269.0000
TRIAL_SERIES:single,12000,5,34,12048.0000,14232.2795,1280.0000
TRIAL_SERIES:single,12000,5,35,12044.0000,23414.5165,7818.5000
TRIAL_SERIES:single,12000,5,36,12052.0000,181257.8789,207462.5000
TRIAL_SERIES:single,12000,5,37,12044.0000,213325.0716,197044.0000
TRIAL_SERIES:single,12000,5,38,12051.0000,196839.1720,181391.0000
TRIAL_SERIES:single,12000,5,39,12049.0000,178673.5833,164149.0000
TRIAL_SERIES:single,12000,5,40,12050.0000,162944.5407,146160.0000
TRIAL_SERIES:single,12000,5,41,12047.0000,144399.1957,128980.0000
TRIAL_SERIES:single,12000,5,42,12049.0000,127590.3419,111637.0000
TRIAL_SERIES:single,12000,5,43,12047.0000,111069.0997,95271.0000
TRIAL_SERIES:single,12000,5,44,12048.0000,90688.6402,76028.5000
TRIAL_SERIES:single,12000,5,45,12048.0000,70426.6391,55601.5000
TRIAL_SERIES:single,12000,5,46,12050.0000,50104.3339,35442.5000
TRIAL_SERIES:single,12000,5,47,12048.0000,29611.8586,13905.0000
TRIAL_SERIES:single,12000,5,48,12048.0000,16775.5370,1304.0000
TRIAL_SERIES:single,12000,5,49,12048.0000,12270.2209,1288.0000
TRIAL_SERIES:single,12000,5,50,12038.0000,11769.6547,1287.0000
TRIAL_SERIES:single,12000,5,51,12057.0000,12216.7893,1291.0000
TRIAL_SERIES:single,12000,5,52,12049.0000,12444.8610,1302.0000
TRIAL_SERIES:single,12000,5,53,12048.0000,12370.9432,1290.5000
TRIAL_SERIES:single,12000,5,54,12049.0000,12175.2944,1269.0000
TRIAL_SERIES:single,12000,5,55,12049.0000,12503.9374,1257.0000
TRIAL_SERIES:single,12000,5,56,12048.0000,12183.9787,1252.0000
TRIAL_SERIES:single,12000,5,57,12048.0000,12496.1750,1225.0000
TRIAL_SERIES:single,12000,5,58,12046.0000,11766.3481,1213.0000
TRIAL_SERIES:single,12000,5,59,12051.0000,12391.6236,1226.0000
TRIAL_SERIES:single,12000,5,60,12048.0000,12475.3923,1205.0000
TRIAL_SERIES:single,12000,5,61,0.0000,0.0000,0.0000
TRIAL_RESULT:single,12000,5,12048.2000,7320.0000,39560.7658,7320.0000,245228.0000
[2026-02-28 17:47:00] Eval 1 result: target=12000 avg_thr=11929.6562 median_lat_us=7320.0000 mean_lat_us=783851.2615 p99_lat_us=1245553.6000 pass=true status=ok
[2026-02-28 17:47:00] Single-target complete: slowdown_type=network step=50 target=12000 observed_throughput=11929.6562 observed_latency_us=7320.0000
RESULTS:11929.6562,7320.0000
RESULTS_EXT:11929.6562,7320.0000,783851.2615,7320.0000,1245553.6000
[2026-02-28 17:47:03] Completed step 50Mbps: observed_thr=11929.6562, mean_lat_us=783851.2615, median_lat_us=7320.0000, p99_lat_us=1245553.6000
[2026-02-28 17:47:03] Starting slowdown-profile step 25Mbps: target throughput 5000 ops/s, trials=5, duration=60s
[2026-02-28 17:47:03] Restoring snapshot 'baseline' before step 25Mbps
[2026-02-28 17:48:49] Running mode=single, slowdown_type=network, step=25, client_type=hybrid
[2026-02-28 17:48:52] Warming up cluster with 5 lightweight CQL probe(s) per node
[2026-02-28 17:49:02] Applying bandwidth limit on ccl1.cyber.lab (cassandra-node-1): 25mbit egress+ingress via ens18/ifbccl1
[2026-02-28 17:49:03] Applying bandwidth limit on ccl2.cyber.lab (cassandra-node-2): 10000mbit egress+ingress via ens18/ifbccl2
[2026-02-28 17:49:04] Applying bandwidth limit on ccl3.cyber.lab (cassandra-node-3): 10000mbit egress+ingress via ens18/ifbccl3
[2026-02-28 17:49:07] Eval 1: phase=single target=5000 trials=5 duration=60s
[2026-02-28 17:49:07] Benchmark run: phase=single step=25 target=5000 duration=60s trial=1 attempt=1
TRIAL_SERIES:single,5000,1,1,4999.0000,92430.9224,77148.0000
TRIAL_SERIES:single,5000,1,2,5001.0000,2938.6847,1612.0000
TRIAL_SERIES:single,5000,1,3,5000.0000,1879.1952,1549.0000
TRIAL_SERIES:single,5000,1,4,4999.0000,1548.6427,1360.0000
TRIAL_SERIES:single,5000,1,5,5000.0000,1481.8590,1307.5000
TRIAL_SERIES:single,5000,1,6,5001.0000,1692.4839,1284.0000
TRIAL_SERIES:single,5000,1,7,4995.0000,3897.2398,1302.0000
TRIAL_SERIES:single,5000,1,8,5005.0000,3712.4809,1269.0000
TRIAL_SERIES:single,5000,1,9,5000.0000,3302.5186,1238.5000
TRIAL_SERIES:single,5000,1,10,4997.0000,3409.6114,1246.0000
TRIAL_SERIES:single,5000,1,11,5003.0000,3470.1267,1264.0000
TRIAL_SERIES:single,5000,1,12,5000.0000,3447.2678,1246.0000
TRIAL_SERIES:single,5000,1,13,4999.0000,3296.5465,1245.0000
TRIAL_SERIES:single,5000,1,14,5000.0000,3035.1214,1211.0000
TRIAL_SERIES:single,5000,1,15,5001.0000,3117.8228,1242.0000
TRIAL_SERIES:single,5000,1,16,4998.0000,2918.2649,1229.0000
TRIAL_SERIES:single,5000,1,17,5002.0000,2934.7515,1233.5000
TRIAL_SERIES:single,5000,1,18,5000.0000,2638.4924,1258.0000
TRIAL_SERIES:single,5000,1,19,4999.0000,3101.9400,1247.0000
TRIAL_SERIES:single,5000,1,20,5001.0000,2476.2152,1246.0000
TRIAL_SERIES:single,5000,1,21,4999.0000,2942.2539,1243.0000
TRIAL_SERIES:single,5000,1,22,5000.0000,2721.2906,1245.0000
TRIAL_SERIES:single,5000,1,23,5001.0000,2611.2374,1255.0000
TRIAL_SERIES:single,5000,1,24,4999.0000,2302.2160,1267.0000
TRIAL_SERIES:single,5000,1,25,5001.0000,2380.4419,1249.0000
TRIAL_SERIES:single,5000,1,26,5000.0000,2451.1408,1249.0000
TRIAL_SERIES:single,5000,1,27,5000.0000,2572.8882,1242.0000
TRIAL_SERIES:single,5000,1,28,4999.0000,2289.0676,1222.0000
TRIAL_SERIES:single,5000,1,29,5000.0000,2291.2584,1220.0000
TRIAL_SERIES:single,5000,1,30,5001.0000,2155.7393,1230.0000
TRIAL_SERIES:single,5000,1,31,5000.0000,2176.3620,1244.0000
TRIAL_SERIES:single,5000,1,32,4999.0000,2186.3529,1246.0000
TRIAL_SERIES:single,5000,1,33,4999.0000,2161.1770,1231.0000
TRIAL_SERIES:single,5000,1,34,5001.0000,2132.0810,1238.0000
TRIAL_SERIES:single,5000,1,35,5001.0000,2283.6793,1246.0000
TRIAL_SERIES:single,5000,1,36,4997.0000,2159.6470,1293.0000
TRIAL_SERIES:single,5000,1,37,5001.0000,2208.8386,1269.0000
TRIAL_SERIES:single,5000,1,38,5002.0000,1900.2863,1257.5000
TRIAL_SERIES:single,5000,1,39,5000.0000,2212.1144,1258.0000
TRIAL_SERIES:single,5000,1,40,4998.0000,2059.1293,1252.5000
TRIAL_SERIES:single,5000,1,41,5002.0000,2062.5484,1252.0000
TRIAL_SERIES:single,5000,1,42,4999.0000,1991.6319,1244.0000
TRIAL_SERIES:single,5000,1,43,5000.0000,2035.6384,1235.0000
TRIAL_SERIES:single,5000,1,44,5000.0000,1985.7530,1223.5000
TRIAL_SERIES:single,5000,1,45,5000.0000,1924.2690,1252.0000
TRIAL_SERIES:single,5000,1,46,4999.0000,1782.2901,1246.0000
TRIAL_SERIES:single,5000,1,47,5001.0000,1896.3025,1249.0000
TRIAL_SERIES:single,5000,1,48,5000.0000,1972.6858,1267.0000
TRIAL_SERIES:single,5000,1,49,5001.0000,1865.0616,1247.0000
TRIAL_SERIES:single,5000,1,50,5000.0000,1869.5500,1231.0000
TRIAL_SERIES:single,5000,1,51,4998.0000,1778.5370,1244.0000
TRIAL_SERIES:single,5000,1,52,5002.0000,1759.6645,1248.0000
TRIAL_SERIES:single,5000,1,53,5000.0000,1810.5880,1223.0000
TRIAL_SERIES:single,5000,1,54,5000.0000,1752.6700,1235.0000
TRIAL_SERIES:single,5000,1,55,5000.0000,1845.8202,1247.0000
TRIAL_SERIES:single,5000,1,56,5000.0000,1891.4048,1293.0000
TRIAL_SERIES:single,5000,1,57,5000.0000,1930.1156,1293.0000
TRIAL_SERIES:single,5000,1,58,4999.0000,1760.2246,1259.0000
TRIAL_SERIES:single,5000,1,59,5000.0000,1741.7692,1253.0000
TRIAL_SERIES:single,5000,1,60,5001.0000,1799.6547,1258.0000
TRIAL_SERIES:single,5000,1,61,1.0000,2455.0000,2455.0000
TRIAL_RESULT:single,5000,1,4918.0492,1270.0000,3839.4160,1270.0000,52497.0000
[2026-02-28 17:51:31] Benchmark run: phase=single step=25 target=5000 duration=60s trial=2 attempt=1
TRIAL_SERIES:single,5000,2,1,4998.0000,25279.3870,1543.0000
TRIAL_SERIES:single,5000,2,2,5002.0000,3349.4462,1324.5000
TRIAL_SERIES:single,5000,2,3,4999.0000,1463.3207,1284.0000
TRIAL_SERIES:single,5000,2,4,5000.0000,4304.4784,1273.0000
TRIAL_SERIES:single,5000,2,5,5001.0000,4629.7540,1271.0000
TRIAL_SERIES:single,5000,2,6,4999.0000,4484.1212,1251.0000
TRIAL_SERIES:single,5000,2,7,5001.0000,4104.3867,1249.0000
TRIAL_SERIES:single,5000,2,8,4999.0000,4072.5267,1246.0000
TRIAL_SERIES:single,5000,2,9,5000.0000,3963.0408,1230.5000
TRIAL_SERIES:single,5000,2,10,4998.0000,3645.4988,1244.0000
TRIAL_SERIES:single,5000,2,11,5002.0000,3966.0386,1262.0000
TRIAL_SERIES:single,5000,2,12,5001.0000,4129.7950,1248.0000
TRIAL_SERIES:single,5000,2,13,4999.0000,4076.2603,1254.0000
TRIAL_SERIES:single,5000,2,14,5001.0000,3601.4771,1253.0000
TRIAL_SERIES:single,5000,2,15,4999.0000,3866.2517,1253.0000
TRIAL_SERIES:single,5000,2,16,5001.0000,3871.9356,1219.0000
TRIAL_SERIES:single,5000,2,17,5000.0000,3465.4986,1224.0000
TRIAL_SERIES:single,5000,2,18,5000.0000,3262.9462,1242.0000
TRIAL_SERIES:single,5000,2,19,4999.0000,3361.7449,1238.0000
TRIAL_SERIES:single,5000,2,20,5000.0000,3910.3874,1222.0000
TRIAL_SERIES:single,5000,2,21,5000.0000,3541.1338,1231.0000
TRIAL_SERIES:single,5000,2,22,5001.0000,2795.7992,1215.0000
TRIAL_SERIES:single,5000,2,23,4998.0000,3193.5354,1222.0000
TRIAL_SERIES:single,5000,2,24,5001.0000,4155.3689,1228.0000
TRIAL_SERIES:single,5000,2,25,5000.0000,3661.3016,1230.0000
TRIAL_SERIES:single,5000,2,26,5001.0000,2941.6481,1241.0000
TRIAL_SERIES:single,5000,2,27,4998.0000,3216.0534,1225.0000
TRIAL_SERIES:single,5000,2,28,5001.0000,3119.8510,1216.0000
TRIAL_SERIES:single,5000,2,29,4999.0000,3382.1310,1233.0000
TRIAL_SERIES:single,5000,2,30,5001.0000,3641.3613,1235.0000
TRIAL_SERIES:single,5000,2,31,5001.0000,3739.9392,1226.0000
TRIAL_SERIES:single,5000,2,32,5000.0000,3130.0362,1220.0000
TRIAL_SERIES:single,5000,2,33,4997.0000,3489.9155,1216.0000
TRIAL_SERIES:single,5000,2,34,5003.0000,2981.3162,1209.0000
TRIAL_SERIES:single,5000,2,35,5000.0000,3052.0960,1235.0000
TRIAL_SERIES:single,5000,2,36,5000.0000,3093.5792,1234.0000
TRIAL_SERIES:single,5000,2,37,5000.0000,3462.1838,1290.0000
TRIAL_SERIES:single,5000,2,38,5000.0000,2986.5728,1228.0000
TRIAL_SERIES:single,5000,2,39,4998.0000,3063.3205,1238.0000
TRIAL_SERIES:single,5000,2,40,5002.0000,2594.7157,1242.0000
TRIAL_SERIES:single,5000,2,41,4999.0000,2867.8866,1253.0000
TRIAL_SERIES:single,5000,2,42,5001.0000,3671.5751,1237.0000
TRIAL_SERIES:single,5000,2,43,5000.0000,2989.6188,1234.5000
TRIAL_SERIES:single,5000,2,44,5000.0000,2711.0090,1232.5000
TRIAL_SERIES:single,5000,2,45,5000.0000,2715.8284,1248.0000
TRIAL_SERIES:single,5000,2,46,5000.0000,2687.5932,1243.5000
TRIAL_SERIES:single,5000,2,47,4999.0000,2805.7636,1235.0000
TRIAL_SERIES:single,5000,2,48,5001.0000,2571.9772,1246.0000
TRIAL_SERIES:single,5000,2,49,4999.0000,2520.3453,1244.0000
TRIAL_SERIES:single,5000,2,50,5000.0000,2634.0816,1242.0000
TRIAL_SERIES:single,5000,2,51,5000.0000,2915.7368,1255.0000
TRIAL_SERIES:single,5000,2,52,4999.0000,3013.4835,1250.0000
TRIAL_SERIES:single,5000,2,53,5001.0000,3124.3517,1246.0000
TRIAL_SERIES:single,5000,2,54,5001.0000,2330.0914,1269.0000
TRIAL_SERIES:single,5000,2,55,5000.0000,2487.5546,1246.0000
TRIAL_SERIES:single,5000,2,56,5000.0000,2755.5422,1255.0000
TRIAL_SERIES:single,5000,2,57,5000.0000,2900.5888,1260.5000
TRIAL_SERIES:single,5000,2,58,4999.0000,3054.2949,1238.0000
TRIAL_SERIES:single,5000,2,59,5001.0000,2447.5139,1228.0000
TRIAL_SERIES:single,5000,2,60,4996.0000,2611.5815,1239.5000
TRIAL_SERIES:single,5000,2,61,0.0000,0.0000,0.0000
TRIAL_RESULT:single,5000,2,4999.9333,1246.0000,3630.9812,1246.0000,16225.0000
[2026-02-28 17:53:54] Benchmark run: phase=single step=25 target=5000 duration=60s trial=3 attempt=1
TRIAL_SERIES:single,5000,3,1,5000.0000,2095.6492,1244.0000
TRIAL_SERIES:single,5000,3,2,5000.0000,1341.3854,1253.0000
TRIAL_SERIES:single,5000,3,3,5000.0000,1311.1254,1230.0000
TRIAL_SERIES:single,5000,3,4,4999.0000,1656.3391,1326.0000
TRIAL_SERIES:single,5000,3,5,5000.0000,1369.4486,1295.0000
TRIAL_SERIES:single,5000,3,6,4999.0000,1560.2404,1265.0000
TRIAL_SERIES:single,5000,3,7,5001.0000,1369.0518,1216.0000
TRIAL_SERIES:single,5000,3,8,5001.0000,3611.4285,1256.0000
TRIAL_SERIES:single,5000,3,9,5000.0000,3981.4990,1233.0000
TRIAL_SERIES:single,5000,3,10,5000.0000,4093.2540,1264.0000
TRIAL_SERIES:single,5000,3,11,5000.0000,3832.7858,1261.5000
TRIAL_SERIES:single,5000,3,12,4999.0000,4442.8838,1259.0000
TRIAL_SERIES:single,5000,3,13,5001.0000,4800.8080,1273.0000
TRIAL_SERIES:single,5000,3,14,5000.0000,3457.2146,1260.5000
TRIAL_SERIES:single,5000,3,15,5000.0000,3364.9280,1259.0000
TRIAL_SERIES:single,5000,3,16,4999.0000,3506.7610,1279.0000
TRIAL_SERIES:single,5000,3,17,5001.0000,3585.8838,1267.0000
TRIAL_SERIES:single,5000,3,18,5000.0000,3604.2448,1251.0000
TRIAL_SERIES:single,5000,3,19,5000.0000,4075.0898,1267.0000
TRIAL_SERIES:single,5000,3,20,4997.0000,4171.1959,1283.0000
TRIAL_SERIES:single,5000,3,21,5003.0000,3959.7196,1283.0000
TRIAL_SERIES:single,5000,3,22,4999.0000,3739.6455,1286.0000
TRIAL_SERIES:single,5000,3,23,5000.0000,3189.9894,1288.0000
TRIAL_SERIES:single,5000,3,24,5001.0000,3293.2755,1299.0000
TRIAL_SERIES:single,5000,3,25,5000.0000,3086.0032,1293.0000
TRIAL_SERIES:single,5000,3,26,5000.0000,3469.1992,1311.0000
TRIAL_SERIES:single,5000,3,27,5000.0000,3531.1032,1309.0000
TRIAL_SERIES:single,5000,3,28,5000.0000,3222.4382,1298.0000
TRIAL_SERIES:single,5000,3,29,4999.0000,3547.7199,1285.0000
TRIAL_SERIES:single,5000,3,30,5001.0000,3408.4359,1292.0000
TRIAL_SERIES:single,5000,3,31,4999.0000,2989.8928,1272.0000
TRIAL_SERIES:single,5000,3,32,5001.0000,2748.2673,1272.0000
TRIAL_SERIES:single,5000,3,33,5000.0000,3297.4100,1251.0000
TRIAL_SERIES:single,5000,3,34,5000.0000,3057.0774,1268.0000
TRIAL_SERIES:single,5000,3,35,4998.0000,2768.1835,1287.0000
TRIAL_SERIES:single,5000,3,36,5002.0000,18604.3954,1328.5000
TRIAL_SERIES:single,5000,3,37,4999.0000,265177.2855,244307.0000
TRIAL_SERIES:single,5000,3,38,5001.0000,388704.8666,360419.0000
TRIAL_SERIES:single,5000,3,39,4995.0000,514781.1986,488236.0000
TRIAL_SERIES:single,5000,3,40,5005.0000,621560.6320,584281.0000
TRIAL_SERIES:single,5000,3,41,4999.0000,584182.5083,556185.0000
TRIAL_SERIES:single,5000,3,42,4999.0000,514845.6511,484223.0000
TRIAL_SERIES:single,5000,3,43,5002.0000,448126.8443,418272.0000
TRIAL_SERIES:single,5000,3,44,4999.0000,383528.4483,350896.0000
TRIAL_SERIES:single,5000,3,45,4999.0000,316647.4575,287569.0000
TRIAL_SERIES:single,5000,3,46,4999.0000,254022.2398,224113.0000
TRIAL_SERIES:single,5000,3,47,5001.0000,187260.5515,156430.0000
TRIAL_SERIES:single,5000,3,48,5002.0000,122733.1869,90360.5000
TRIAL_SERIES:single,5000,3,49,5000.0000,57221.4064,21912.5000
TRIAL_SERIES:single,5000,3,50,5000.0000,28818.4538,1490.0000
TRIAL_SERIES:single,5000,3,51,5000.0000,12110.4758,1364.0000
TRIAL_SERIES:single,5000,3,52,4999.0000,3313.4537,1210.0000
TRIAL_SERIES:single,5000,3,53,5001.0000,2427.8626,1201.0000
TRIAL_SERIES:single,5000,3,54,5000.0000,2601.9272,1219.0000
TRIAL_SERIES:single,5000,3,55,5000.0000,2607.8736,1216.0000
TRIAL_SERIES:single,5000,3,56,5000.0000,2548.8550,1220.0000
TRIAL_SERIES:single,5000,3,57,5000.0000,2188.0248,1227.0000
TRIAL_SERIES:single,5000,3,58,4998.0000,2496.1389,1216.0000
TRIAL_SERIES:single,5000,3,59,5002.0000,2444.9672,1207.0000
TRIAL_SERIES:single,5000,3,60,4999.0000,2376.9986,1215.0000
TRIAL_SERIES:single,5000,3,61,3.0000,1959.0000,1224.0000
TRIAL_RESULT:single,5000,3,4918.0656,1484.0000,80863.8759,1484.0000,670106.0000
[2026-02-28 17:56:20] Benchmark run: phase=single step=25 target=5000 duration=60s trial=4 attempt=1
TRIAL_SERIES:single,5000,4,1,5000.0000,244712.0630,275796.0000
TRIAL_SERIES:single,5000,4,2,4999.0000,140541.1612,138134.0000
TRIAL_SERIES:single,5000,4,3,5001.0000,6756.1880,1295.0000
TRIAL_SERIES:single,5000,4,4,5000.0000,3935.9324,1218.0000
TRIAL_SERIES:single,5000,4,5,4999.0000,3980.7455,1224.0000
TRIAL_SERIES:single,5000,4,6,5001.0000,4132.2184,1223.0000
TRIAL_SERIES:single,5000,4,7,5000.0000,3538.5988,1231.0000
TRIAL_SERIES:single,5000,4,8,4999.0000,4036.7099,1230.0000
TRIAL_SERIES:single,5000,4,9,5001.0000,3932.7201,1230.0000
TRIAL_SERIES:single,5000,4,10,4998.0000,4274.1192,1241.5000
TRIAL_SERIES:single,5000,4,11,5002.0000,3726.1399,1204.0000
TRIAL_SERIES:single,5000,4,12,5000.0000,3682.0330,1206.0000
TRIAL_SERIES:single,5000,4,13,5000.0000,4081.9092,1206.0000
TRIAL_SERIES:single,5000,4,14,4998.0000,4169.0750,1231.0000
TRIAL_SERIES:single,5000,4,15,5000.0000,3830.4378,1240.5000
TRIAL_SERIES:single,5000,4,16,5001.0000,2906.7259,1192.0000
TRIAL_SERIES:single,5000,4,17,5000.0000,3256.2722,1201.5000
TRIAL_SERIES:single,5000,4,18,5001.0000,3136.1970,1213.0000
TRIAL_SERIES:single,5000,4,19,5000.0000,3949.0162,1212.0000
TRIAL_SERIES:single,5000,4,20,4999.0000,3882.1534,1221.0000
TRIAL_SERIES:single,5000,4,21,5001.0000,4182.6681,1219.0000
TRIAL_SERIES:single,5000,4,22,5000.0000,3762.7128,1215.0000
TRIAL_SERIES:single,5000,4,23,4999.0000,3067.1062,1211.0000
TRIAL_SERIES:single,5000,4,24,5001.0000,3660.8728,1205.0000
TRIAL_SERIES:single,5000,4,25,5000.0000,2952.7946,1204.0000
TRIAL_SERIES:single,5000,4,26,4997.0000,3198.9438,1230.0000
TRIAL_SERIES:single,5000,4,27,5002.0000,3678.6553,1223.5000
TRIAL_SERIES:single,5000,4,28,5001.0000,3585.4581,1245.0000
TRIAL_SERIES:single,5000,4,29,4999.0000,3477.9644,1212.0000
TRIAL_SERIES:single,5000,4,30,4999.0000,3410.0376,1227.0000
TRIAL_SERIES:single,5000,4,31,5001.0000,4765.8922,1244.0000
TRIAL_SERIES:single,5000,4,32,5000.0000,3983.5062,1215.0000
TRIAL_SERIES:single,5000,4,33,5001.0000,2960.5663,1200.0000
TRIAL_SERIES:single,5000,4,34,5000.0000,2934.0528,1206.0000
TRIAL_SERIES:single,5000,4,35,5000.0000,3178.2174,1207.0000
TRIAL_SERIES:single,5000,4,36,5000.0000,2978.2044,1226.0000
TRIAL_SERIES:single,5000,4,37,4998.0000,3638.2083,1233.0000
TRIAL_SERIES:single,5000,4,38,5001.0000,2954.6903,1229.0000
TRIAL_SERIES:single,5000,4,39,5000.0000,3874.8232,1253.5000
TRIAL_SERIES:single,5000,4,40,4999.0000,3160.5629,1198.0000
TRIAL_SERIES:single,5000,4,41,5002.0000,3254.7581,1231.0000
TRIAL_SERIES:single,5000,4,42,5000.0000,2824.2474,1207.0000
TRIAL_SERIES:single,5000,4,43,4997.0000,3202.0354,1206.0000
TRIAL_SERIES:single,5000,4,44,5001.0000,3348.0406,1202.0000
TRIAL_SERIES:single,5000,4,45,5001.0000,2757.6163,1231.0000
TRIAL_SERIES:single,5000,4,46,5001.0000,2865.4301,1214.0000
TRIAL_SERIES:single,5000,4,47,5000.0000,2677.1602,1207.0000
TRIAL_SERIES:single,5000,4,48,4999.0000,2514.0826,1207.0000
TRIAL_SERIES:single,5000,4,49,5001.0000,2689.3309,1233.0000
TRIAL_SERIES:single,5000,4,50,4999.0000,3028.3403,1215.0000
TRIAL_SERIES:single,5000,4,51,5001.0000,2881.2456,1230.0000
TRIAL_SERIES:single,5000,4,52,5000.0000,2756.8832,1228.0000
TRIAL_SERIES:single,5000,4,53,5000.0000,3065.5370,1199.5000
TRIAL_SERIES:single,5000,4,54,4999.0000,3194.2166,1208.0000
TRIAL_SERIES:single,5000,4,55,5000.0000,2508.9596,1219.0000
TRIAL_SERIES:single,5000,4,56,4999.0000,2965.6919,1203.0000
TRIAL_SERIES:single,5000,4,57,5001.0000,2926.0044,1218.0000
TRIAL_SERIES:single,5000,4,58,5000.0000,2684.8000,1215.0000
TRIAL_SERIES:single,5000,4,59,5000.0000,2940.6340,1234.0000
TRIAL_SERIES:single,5000,4,60,5000.0000,2776.1544,1234.5000
TRIAL_SERIES:single,5000,4,61,0.0000,0.0000,0.0000
TRIAL_RESULT:single,5000,4,4999.9833,1235.0000,9728.3616,1235.0000,273697.0000
[2026-02-28 17:58:44] Benchmark run: phase=single step=25 target=5000 duration=60s trial=5 attempt=1
TRIAL_SERIES:single,5000,5,1,4999.0000,11874.2484,1431.0000
TRIAL_SERIES:single,5000,5,2,5000.0000,2724.4340,1216.0000
TRIAL_SERIES:single,5000,5,3,5000.0000,4719.8014,1250.0000
TRIAL_SERIES:single,5000,5,4,5001.0000,4244.1444,1218.0000
TRIAL_SERIES:single,5000,5,5,4998.0000,4405.5996,1196.0000
TRIAL_SERIES:single,5000,5,6,5002.0000,4311.5414,1208.0000
TRIAL_SERIES:single,5000,5,7,4999.0000,5059.6397,1217.0000
TRIAL_SERIES:single,5000,5,8,5000.0000,3824.8762,1208.5000
TRIAL_SERIES:single,5000,5,9,5001.0000,3533.9130,1235.0000
TRIAL_SERIES:single,5000,5,10,5000.0000,3684.0582,1232.0000
TRIAL_SERIES:single,5000,5,11,4998.0000,3949.3253,1228.0000
TRIAL_SERIES:single,5000,5,12,5001.0000,3457.1014,1236.0000
TRIAL_SERIES:single,5000,5,13,5000.0000,3466.2436,1221.5000
TRIAL_SERIES:single,5000,5,14,5001.0000,3058.1762,1223.0000
TRIAL_SERIES:single,5000,5,15,4999.0000,3318.5977,1211.0000
TRIAL_SERIES:single,5000,5,16,5001.0000,3611.8052,1204.0000
TRIAL_SERIES:single,5000,5,17,4999.0000,4125.6999,1216.0000
TRIAL_SERIES:single,5000,5,18,5000.0000,4308.6044,1228.0000
TRIAL_SERIES:single,5000,5,19,5000.0000,4204.0576,1239.0000
TRIAL_SERIES:single,5000,5,20,5001.0000,3471.4789,1224.0000
TRIAL_SERIES:single,5000,5,21,5000.0000,3226.8600,1222.0000
TRIAL_SERIES:single,5000,5,22,4999.0000,3643.3097,1206.0000
TRIAL_SERIES:single,5000,5,23,5001.0000,3925.0306,1204.0000
TRIAL_SERIES:single,5000,5,24,4999.0000,3851.5879,1183.0000
TRIAL_SERIES:single,5000,5,25,5001.0000,3303.2999,1210.0000
TRIAL_SERIES:single,5000,5,26,5000.0000,3237.0650,1181.0000
TRIAL_SERIES:single,5000,5,27,5000.0000,3609.4266,1202.5000
TRIAL_SERIES:single,5000,5,28,5000.0000,3018.9140,1214.0000
TRIAL_SERIES:single,5000,5,29,5000.0000,3419.8522,1207.0000
TRIAL_SERIES:single,5000,5,30,4999.0000,3110.0042,1223.0000
TRIAL_SERIES:single,5000,5,31,5001.0000,3863.8276,1215.0000
TRIAL_SERIES:single,5000,5,32,5000.0000,3134.4322,1204.0000
TRIAL_SERIES:single,5000,5,33,4995.0000,3353.9720,1228.0000
TRIAL_SERIES:single,5000,5,34,5005.0000,3977.5307,1233.0000
TRIAL_SERIES:single,5000,5,35,4999.0000,84528.4171,73012.0000
TRIAL_SERIES:single,5000,5,36,4998.0000,114342.1531,82941.5000
TRIAL_SERIES:single,5000,5,37,5003.0000,130628.9666,88993.0000
TRIAL_SERIES:single,5000,5,38,4999.0000,94434.9196,53288.0000
TRIAL_SERIES:single,5000,5,39,4998.0000,59963.6937,21359.5000
TRIAL_SERIES:single,5000,5,40,5003.0000,38968.8195,1516.0000
TRIAL_SERIES:single,5000,5,41,5000.0000,22042.1440,1469.5000
TRIAL_SERIES:single,5000,5,42,5000.0000,7567.6780,1282.0000
TRIAL_SERIES:single,5000,5,43,4997.0000,3219.1133,1228.0000
TRIAL_SERIES:single,5000,5,44,5003.0000,3175.2830,1228.0000
TRIAL_SERIES:single,5000,5,45,4999.0000,2913.5079,1214.0000
TRIAL_SERIES:single,5000,5,46,5001.0000,2875.4241,1198.0000
TRIAL_SERIES:single,5000,5,47,5000.0000,2924.0792,1230.0000
TRIAL_SERIES:single,5000,5,48,4999.0000,3008.1748,1207.0000
TRIAL_SERIES:single,5000,5,49,5000.0000,2741.6806,1227.0000
TRIAL_SERIES:single,5000,5,50,5000.0000,2879.3622,1220.0000
TRIAL_SERIES:single,5000,5,51,5001.0000,2717.4745,1221.0000
TRIAL_SERIES:single,5000,5,52,4999.0000,2667.4485,1206.0000
TRIAL_SERIES:single,5000,5,53,5000.0000,2751.9780,1200.0000
TRIAL_SERIES:single,5000,5,54,5001.0000,2554.2687,1233.0000
TRIAL_SERIES:single,5000,5,55,5000.0000,2473.2742,1206.0000
TRIAL_SERIES:single,5000,5,56,4999.0000,2733.2128,1202.0000
TRIAL_SERIES:single,5000,5,57,5001.0000,3237.4921,1200.0000
TRIAL_SERIES:single,5000,5,58,4997.0000,2832.5687,1207.0000
TRIAL_SERIES:single,5000,5,59,5003.0000,2862.6026,1230.0000
TRIAL_SERIES:single,5000,5,60,5000.0000,2911.1624,1227.0000
TRIAL_SERIES:single,5000,5,61,0.0000,0.0000,0.0000
TRIAL_RESULT:single,5000,5,5000.0000,1277.0000,12299.6352,1277.0000,213187.0000
[2026-02-28 18:01:05] Eval 1 result: target=5000 avg_thr=4967.2063 median_lat_us=1270.0000 mean_lat_us=22072.4540 p99_lat_us=245142.4000 pass=true status=ok
[2026-02-28 18:01:05] Single-target complete: slowdown_type=network step=25 target=5000 observed_throughput=4967.2063 observed_latency_us=1270.0000
RESULTS:4967.2063,1270.0000
RESULTS_EXT:4967.2063,1270.0000,22072.4540,1270.0000,245142.4000
[2026-02-28 18:01:08] Completed step 25Mbps: observed_thr=4967.2063, mean_lat_us=22072.4540, median_lat_us=1270.0000, p99_lat_us=245142.4000
[2026-02-28 18:01:08] Starting slowdown-profile step 10Mbps: target throughput 500 ops/s, trials=5, duration=60s
[2026-02-28 18:01:08] Restoring snapshot 'baseline' before step 10Mbps
[2026-02-28 18:03:01] Running mode=single, slowdown_type=network, step=10, client_type=hybrid
[2026-02-28 18:03:03] Warming up cluster with 5 lightweight CQL probe(s) per node
[2026-02-28 18:03:13] Applying bandwidth limit on ccl1.cyber.lab (cassandra-node-1): 10mbit egress+ingress via ens18/ifbccl1
[2026-02-28 18:03:14] Applying bandwidth limit on ccl2.cyber.lab (cassandra-node-2): 10000mbit egress+ingress via ens18/ifbccl2
[2026-02-28 18:03:15] Applying bandwidth limit on ccl3.cyber.lab (cassandra-node-3): 10000mbit egress+ingress via ens18/ifbccl3
[2026-02-28 18:03:18] Eval 1: phase=single target=500 trials=5 duration=60s
[2026-02-28 18:03:18] Benchmark run: phase=single step=10 target=500 duration=60s trial=1 attempt=1
TRIAL_SERIES:single,500,1,1,500.0000,2723.9120,2495.0000
TRIAL_SERIES:single,500,1,2,500.0000,2287.5660,2293.5000
TRIAL_SERIES:single,500,1,3,500.0000,2214.6780,2197.0000
TRIAL_SERIES:single,500,1,4,500.0000,2167.3880,2140.0000
TRIAL_SERIES:single,500,1,5,500.0000,2140.2960,2130.0000
TRIAL_SERIES:single,500,1,6,500.0000,2104.9080,2107.0000
TRIAL_SERIES:single,500,1,7,499.0000,2166.8257,2169.0000
TRIAL_SERIES:single,500,1,8,501.0000,2124.1996,2120.0000
TRIAL_SERIES:single,500,1,9,500.0000,2132.2300,2132.5000
TRIAL_SERIES:single,500,1,10,500.0000,2077.6420,2075.0000
TRIAL_SERIES:single,500,1,11,500.0000,2070.2800,2064.0000
TRIAL_SERIES:single,500,1,12,500.0000,2069.4680,2066.0000
TRIAL_SERIES:single,500,1,13,500.0000,2063.3760,2060.5000
TRIAL_SERIES:single,500,1,14,500.0000,2079.6180,2074.0000
TRIAL_SERIES:single,500,1,15,500.0000,2058.7480,2046.0000
TRIAL_SERIES:single,500,1,16,500.0000,2077.8780,2082.0000
TRIAL_SERIES:single,500,1,17,500.0000,2113.2160,2104.0000
TRIAL_SERIES:single,500,1,18,500.0000,2071.2640,2062.0000
TRIAL_SERIES:single,500,1,19,500.0000,2107.3860,2103.0000
TRIAL_SERIES:single,500,1,20,500.0000,2111.4360,2106.0000
TRIAL_SERIES:single,500,1,21,500.0000,2109.9300,2104.0000
TRIAL_SERIES:single,500,1,22,500.0000,2067.3620,2058.0000
TRIAL_SERIES:single,500,1,23,500.0000,2066.2280,2064.0000
TRIAL_SERIES:single,500,1,24,500.0000,2079.1300,2077.0000
TRIAL_SERIES:single,500,1,25,500.0000,2076.3240,2073.0000
TRIAL_SERIES:single,500,1,26,500.0000,2033.6500,2029.0000
TRIAL_SERIES:single,500,1,27,500.0000,2057.8920,2065.0000
TRIAL_SERIES:single,500,1,28,499.0000,2036.2505,2031.0000
TRIAL_SERIES:single,500,1,29,501.0000,2031.3134,2017.0000
TRIAL_SERIES:single,500,1,30,500.0000,2053.6620,2052.0000
TRIAL_SERIES:single,500,1,31,499.0000,2008.8717,1994.0000
TRIAL_SERIES:single,500,1,32,501.0000,2028.5848,2019.0000
TRIAL_SERIES:single,500,1,33,500.0000,2005.1160,2000.0000
TRIAL_SERIES:single,500,1,34,499.0000,2016.1403,2004.0000
TRIAL_SERIES:single,500,1,35,501.0000,2068.5050,2058.0000
TRIAL_SERIES:single,500,1,36,500.0000,1956.2340,1954.5000
TRIAL_SERIES:single,500,1,37,500.0000,1960.9120,1956.0000
TRIAL_SERIES:single,500,1,38,500.0000,2010.0420,2001.0000
TRIAL_SERIES:single,500,1,39,500.0000,1998.6060,1981.5000
TRIAL_SERIES:single,500,1,40,499.0000,1998.0681,1987.0000
TRIAL_SERIES:single,500,1,41,500.0000,1982.2180,1968.0000
TRIAL_SERIES:single,500,1,42,501.0000,1973.6966,1965.0000
TRIAL_SERIES:single,500,1,43,500.0000,1980.1880,1967.0000
TRIAL_SERIES:single,500,1,44,500.0000,1993.4820,1983.5000
TRIAL_SERIES:single,500,1,45,500.0000,2021.8280,2010.5000
TRIAL_SERIES:single,500,1,46,500.0000,1992.4840,1980.0000
TRIAL_SERIES:single,500,1,47,500.0000,2047.8880,2053.5000
TRIAL_SERIES:single,500,1,48,500.0000,2006.1120,1992.0000
TRIAL_SERIES:single,500,1,49,500.0000,2030.3840,2018.0000
TRIAL_SERIES:single,500,1,50,499.0000,1996.6132,1988.0000
TRIAL_SERIES:single,500,1,51,501.0000,2039.8862,2052.0000
TRIAL_SERIES:single,500,1,52,500.0000,2050.9340,2054.5000
TRIAL_SERIES:single,500,1,53,500.0000,2029.0060,2026.0000
TRIAL_SERIES:single,500,1,54,499.0000,1989.1703,1979.0000
TRIAL_SERIES:single,500,1,55,501.0000,1995.3892,1986.0000
TRIAL_SERIES:single,500,1,56,500.0000,1959.6760,1945.5000
TRIAL_SERIES:single,500,1,57,500.0000,2010.8800,2002.0000
TRIAL_SERIES:single,500,1,58,499.0000,1979.6733,1970.0000
TRIAL_SERIES:single,500,1,59,501.0000,1994.7984,1978.0000
TRIAL_SERIES:single,500,1,60,499.0000,1980.7956,1980.0000
TRIAL_RESULT:single,500,1,499.9833,2045.0000,2061.3422,2045.0000,2635.0000
[2026-02-28 18:05:20] Benchmark run: phase=single step=10 target=500 duration=60s trial=2 attempt=1
TRIAL_SERIES:single,500,2,1,500.0000,2090.4380,2034.0000
TRIAL_SERIES:single,500,2,2,500.0000,2062.4840,2045.0000
TRIAL_SERIES:single,500,2,3,500.0000,2064.7740,2059.5000
TRIAL_SERIES:single,500,2,4,500.0000,2032.8840,2018.0000
TRIAL_SERIES:single,500,2,5,500.0000,2012.4700,2003.0000
TRIAL_SERIES:single,500,2,6,500.0000,2019.0060,2006.5000
TRIAL_SERIES:single,500,2,7,500.0000,2047.7860,2045.5000
TRIAL_SERIES:single,500,2,8,500.0000,2017.8260,2008.5000
TRIAL_SERIES:single,500,2,9,499.0000,1998.7836,1985.0000
TRIAL_SERIES:single,500,2,10,500.0000,2007.4360,2000.0000
TRIAL_SERIES:single,500,2,11,500.0000,2011.7240,2000.0000
TRIAL_SERIES:single,500,2,12,501.0000,2016.5349,2003.0000
TRIAL_SERIES:single,500,2,13,500.0000,2007.5460,2000.0000
TRIAL_SERIES:single,500,2,14,500.0000,2015.6780,2000.0000
TRIAL_SERIES:single,500,2,15,500.0000,1991.4700,1981.5000
TRIAL_SERIES:single,500,2,16,500.0000,2015.1020,1999.0000
TRIAL_SERIES:single,500,2,17,500.0000,1962.4340,1959.0000
TRIAL_SERIES:single,500,2,18,500.0000,1992.3680,1981.0000
TRIAL_SERIES:single,500,2,19,500.0000,2013.7000,2003.5000
TRIAL_SERIES:single,500,2,20,500.0000,2011.0980,2001.0000
TRIAL_SERIES:single,500,2,21,500.0000,2024.8300,2023.5000
TRIAL_SERIES:single,500,2,22,500.0000,2014.0420,2006.5000
TRIAL_SERIES:single,500,2,23,500.0000,2012.2240,2000.0000
TRIAL_SERIES:single,500,2,24,500.0000,2010.5380,2002.5000
TRIAL_SERIES:single,500,2,25,500.0000,1997.8280,1989.0000
TRIAL_SERIES:single,500,2,26,500.0000,2050.1980,2052.0000
TRIAL_SERIES:single,500,2,27,500.0000,2018.7360,2007.0000
TRIAL_SERIES:single,500,2,28,500.0000,2004.7480,1995.0000
TRIAL_SERIES:single,500,2,29,499.0000,2049.0000,2045.0000
TRIAL_SERIES:single,500,2,30,500.0000,2045.0940,2043.5000
TRIAL_SERIES:single,500,2,31,501.0000,1999.1557,1993.0000
TRIAL_SERIES:single,500,2,32,500.0000,1986.3300,1972.0000
TRIAL_SERIES:single,500,2,33,500.0000,1995.0680,1976.5000
TRIAL_SERIES:single,500,2,34,500.0000,1960.7500,1956.0000
TRIAL_SERIES:single,500,2,35,499.0000,1970.0481,1961.0000
TRIAL_SERIES:single,500,2,36,501.0000,1975.6168,1962.0000
TRIAL_SERIES:single,500,2,37,500.0000,1992.9440,1988.5000
TRIAL_SERIES:single,500,2,38,500.0000,2025.4940,2017.5000
TRIAL_SERIES:single,500,2,39,500.0000,2049.7180,2048.0000
TRIAL_SERIES:single,500,2,40,500.0000,2004.6120,1998.0000
TRIAL_SERIES:single,500,2,41,499.0000,2000.0561,1976.0000
TRIAL_SERIES:single,500,2,42,501.0000,1991.9202,1982.0000
TRIAL_SERIES:single,500,2,43,500.0000,2004.2320,1993.5000
TRIAL_SERIES:single,500,2,44,500.0000,2015.5300,2007.0000
TRIAL_SERIES:single,500,2,45,500.0000,2037.4880,2026.0000
TRIAL_SERIES:single,500,2,46,500.0000,2073.0760,2075.0000
TRIAL_SERIES:single,500,2,47,500.0000,2077.8140,2079.5000
TRIAL_SERIES:single,500,2,48,500.0000,2073.5740,2077.0000
TRIAL_SERIES:single,500,2,49,500.0000,2032.8260,2031.0000
TRIAL_SERIES:single,500,2,50,500.0000,2039.1080,2028.0000
TRIAL_SERIES:single,500,2,51,500.0000,2029.9620,2035.0000
TRIAL_SERIES:single,500,2,52,500.0000,2024.5920,2013.0000
TRIAL_SERIES:single,500,2,53,500.0000,2044.5080,2048.5000
TRIAL_SERIES:single,500,2,54,500.0000,2000.6600,1989.0000
TRIAL_SERIES:single,500,2,55,500.0000,2019.0340,2008.0000
TRIAL_SERIES:single,500,2,56,499.0000,2026.7415,2020.0000
TRIAL_SERIES:single,500,2,57,501.0000,2036.7685,2030.0000
TRIAL_SERIES:single,500,2,58,499.0000,2029.1323,2014.0000
TRIAL_SERIES:single,500,2,59,501.0000,2038.9202,2038.0000
TRIAL_SERIES:single,500,2,60,499.0000,2055.2766,2050.0000
TRIAL_SERIES:single,500,2,61,1.0000,1152.0000,1152.0000
TRIAL_RESULT:single,500,2,491.8033,2008.0000,2020.4650,2008.0000,2344.0000
[2026-02-28 18:07:21] Benchmark run: phase=single step=10 target=500 duration=60s trial=3 attempt=1
TRIAL_SERIES:single,500,3,1,500.0000,2135.4240,2087.0000
TRIAL_SERIES:single,500,3,2,500.0000,2042.7280,2006.5000
TRIAL_SERIES:single,500,3,3,499.0000,2014.3707,2002.0000
TRIAL_SERIES:single,500,3,4,501.0000,2020.3772,2002.0000
TRIAL_SERIES:single,500,3,5,499.0000,2000.3707,1993.0000
TRIAL_SERIES:single,500,3,6,501.0000,2015.2455,2008.0000
TRIAL_SERIES:single,500,3,7,500.0000,2043.2580,2036.5000
TRIAL_SERIES:single,500,3,8,500.0000,2011.3020,2001.5000
TRIAL_SERIES:single,500,3,9,500.0000,2000.4760,1993.0000
TRIAL_SERIES:single,500,3,10,500.0000,2009.0880,1996.0000
TRIAL_SERIES:single,500,3,11,500.0000,2015.8080,2010.0000
TRIAL_SERIES:single,500,3,12,500.0000,2009.0720,2006.5000
TRIAL_SERIES:single,500,3,13,500.0000,1996.7200,1984.0000
TRIAL_SERIES:single,500,3,14,500.0000,1979.2300,1969.0000
TRIAL_SERIES:single,500,3,15,500.0000,2007.2340,1996.5000
TRIAL_SERIES:single,500,3,16,499.0000,2045.3287,2047.0000
TRIAL_SERIES:single,500,3,17,501.0000,2036.8683,2029.0000
TRIAL_SERIES:single,500,3,18,500.0000,2012.2920,2002.0000
TRIAL_SERIES:single,500,3,19,500.0000,2020.6600,2007.5000
TRIAL_SERIES:single,500,3,20,500.0000,2037.0460,2030.0000
TRIAL_SERIES:single,500,3,21,500.0000,2009.8220,1998.0000
TRIAL_SERIES:single,500,3,22,500.0000,1962.1820,1952.5000
TRIAL_SERIES:single,500,3,23,500.0000,1938.5380,1928.5000
TRIAL_SERIES:single,500,3,24,500.0000,1967.0920,1960.0000
TRIAL_SERIES:single,500,3,25,499.0000,1945.8216,1941.0000
TRIAL_SERIES:single,500,3,26,501.0000,1987.3273,1984.0000
TRIAL_SERIES:single,500,3,27,500.0000,1998.9980,1992.5000
TRIAL_SERIES:single,500,3,28,500.0000,1992.5000,1984.0000
TRIAL_SERIES:single,500,3,29,499.0000,1984.0842,1983.0000
TRIAL_SERIES:single,500,3,30,501.0000,1966.9042,1957.0000
TRIAL_SERIES:single,500,3,31,500.0000,1958.8040,1954.0000
TRIAL_SERIES:single,500,3,32,499.0000,1944.0581,1937.0000
TRIAL_SERIES:single,500,3,33,500.0000,1972.4520,1959.5000
TRIAL_SERIES:single,500,3,34,501.0000,2015.1078,2005.0000
TRIAL_SERIES:single,500,3,35,499.0000,2022.0321,2013.0000
TRIAL_SERIES:single,500,3,36,501.0000,1968.5409,1960.0000
TRIAL_SERIES:single,500,3,37,500.0000,1983.4680,1973.0000
TRIAL_SERIES:single,500,3,38,500.0000,2011.7960,2000.0000
TRIAL_SERIES:single,500,3,39,500.0000,1991.0680,1979.5000
TRIAL_SERIES:single,500,3,40,500.0000,1981.3580,1977.0000
TRIAL_SERIES:single,500,3,41,500.0000,2009.4700,2000.0000
TRIAL_SERIES:single,500,3,42,499.0000,2014.2846,2009.0000
TRIAL_SERIES:single,500,3,43,501.0000,2055.1477,2058.0000
TRIAL_SERIES:single,500,3,44,500.0000,2041.5860,2029.5000
TRIAL_SERIES:single,500,3,45,500.0000,2039.3120,2034.0000
TRIAL_SERIES:single,500,3,46,500.0000,2035.5540,2030.0000
TRIAL_SERIES:single,500,3,47,500.0000,2025.8960,2024.0000
TRIAL_SERIES:single,500,3,48,500.0000,2037.0620,2036.0000
TRIAL_SERIES:single,500,3,49,500.0000,2012.9600,2010.0000
TRIAL_SERIES:single,500,3,50,500.0000,2034.5520,2029.5000
TRIAL_SERIES:single,500,3,51,500.0000,2028.3520,2010.0000
TRIAL_SERIES:single,500,3,52,500.0000,2020.8180,2016.5000
TRIAL_SERIES:single,500,3,53,499.0000,2011.1764,1997.0000
TRIAL_SERIES:single,500,3,54,501.0000,1987.4611,1978.0000
TRIAL_SERIES:single,500,3,55,499.0000,1973.0982,1970.0000
TRIAL_SERIES:single,500,3,56,500.0000,1983.3420,1979.0000
TRIAL_SERIES:single,500,3,57,501.0000,1993.9202,1980.0000
TRIAL_SERIES:single,500,3,58,499.0000,1990.3747,1980.0000
TRIAL_SERIES:single,500,3,59,501.0000,1978.6108,1969.0000
TRIAL_SERIES:single,500,3,60,499.0000,1954.1984,1958.0000
TRIAL_SERIES:single,500,3,61,1.0000,1029.0000,1029.0000
TRIAL_RESULT:single,500,3,491.8033,1994.0000,2004.6723,1994.0000,2302.0000
[2026-02-28 18:09:22] Benchmark run: phase=single step=10 target=500 duration=60s trial=4 attempt=1
TRIAL_SERIES:single,500,4,1,500.0000,2110.4540,2073.5000
TRIAL_SERIES:single,500,4,2,499.0000,2006.1343,1982.0000
TRIAL_SERIES:single,500,4,3,501.0000,2018.5369,2002.0000
TRIAL_SERIES:single,500,4,4,500.0000,2024.9960,2009.0000
TRIAL_SERIES:single,500,4,5,500.0000,2025.4420,2013.5000
TRIAL_SERIES:single,500,4,6,500.0000,1968.5700,1963.0000
TRIAL_SERIES:single,500,4,7,499.0000,1999.8096,1999.0000
TRIAL_SERIES:single,500,4,8,500.0000,1992.0360,1978.0000
TRIAL_SERIES:single,500,4,9,500.0000,1972.7860,1966.0000
TRIAL_SERIES:single,500,4,10,500.0000,1958.2820,1956.0000
TRIAL_SERIES:single,500,4,11,501.0000,1989.7525,1985.0000
TRIAL_SERIES:single,500,4,12,500.0000,1969.0500,1965.5000
TRIAL_SERIES:single,500,4,13,500.0000,1954.9960,1952.0000
TRIAL_SERIES:single,500,4,14,500.0000,1955.9140,1946.0000
TRIAL_SERIES:single,500,4,15,500.0000,1945.4580,1940.5000
TRIAL_SERIES:single,500,4,16,499.0000,1990.6814,1986.0000
TRIAL_SERIES:single,500,4,17,501.0000,1993.1737,1986.0000
TRIAL_SERIES:single,500,4,18,499.0000,1967.5251,1963.0000
TRIAL_SERIES:single,500,4,19,501.0000,1972.4351,1974.0000
TRIAL_SERIES:single,500,4,20,500.0000,1976.9640,1973.0000
TRIAL_SERIES:single,500,4,21,500.0000,2009.3180,1999.5000
TRIAL_SERIES:single,500,4,22,500.0000,1984.8180,1970.0000
TRIAL_SERIES:single,500,4,23,500.0000,1985.5920,1982.0000
TRIAL_SERIES:single,500,4,24,500.0000,1966.2920,1962.5000
TRIAL_SERIES:single,500,4,25,499.0000,1977.9399,1971.0000
TRIAL_SERIES:single,500,4,26,501.0000,1970.2515,1964.0000
TRIAL_SERIES:single,500,4,27,500.0000,2026.5480,2015.0000
TRIAL_SERIES:single,500,4,28,500.0000,2037.5920,2024.0000
TRIAL_SERIES:single,500,4,29,499.0000,2046.2906,2048.0000
TRIAL_SERIES:single,500,4,30,500.0000,2025.6960,2021.0000
TRIAL_SERIES:single,500,4,31,501.0000,2028.3972,2031.0000
TRIAL_SERIES:single,500,4,32,500.0000,1976.5180,1964.0000
TRIAL_SERIES:single,500,4,33,500.0000,1972.5820,1966.0000
TRIAL_SERIES:single,500,4,34,500.0000,2018.3220,2007.5000
TRIAL_SERIES:single,500,4,35,500.0000,2058.7400,2061.5000
TRIAL_SERIES:single,500,4,36,500.0000,1988.5360,1982.0000
TRIAL_SERIES:single,500,4,37,499.0000,1960.5050,1957.0000
TRIAL_SERIES:single,500,4,38,501.0000,1951.9780,1943.0000
TRIAL_SERIES:single,500,4,39,499.0000,1962.1824,1957.0000
TRIAL_SERIES:single,500,4,40,500.0000,1938.5940,1936.0000
TRIAL_SERIES:single,500,4,41,500.0000,1970.8080,1963.5000
TRIAL_SERIES:single,500,4,42,500.0000,1962.7240,1953.0000
TRIAL_SERIES:single,500,4,43,500.0000,1941.6560,1937.0000
TRIAL_SERIES:single,500,4,44,501.0000,1973.0758,1975.0000
TRIAL_SERIES:single,500,4,45,500.0000,1976.5360,1976.5000
TRIAL_SERIES:single,500,4,46,500.0000,1969.3600,1964.5000
TRIAL_SERIES:single,500,4,47,500.0000,1961.2760,1951.5000
TRIAL_SERIES:single,500,4,48,500.0000,1974.5960,1966.0000
TRIAL_SERIES:single,500,4,49,499.0000,1971.9980,1963.0000
TRIAL_SERIES:single,500,4,50,500.0000,1976.5280,1972.0000
TRIAL_SERIES:single,500,4,51,501.0000,1944.7186,1936.0000
TRIAL_SERIES:single,500,4,52,500.0000,1948.3860,1936.5000
TRIAL_SERIES:single,500,4,53,500.0000,1997.9780,1986.0000
TRIAL_SERIES:single,500,4,54,500.0000,1988.6000,1982.5000
TRIAL_SERIES:single,500,4,55,500.0000,2012.6060,2000.0000
TRIAL_SERIES:single,500,4,56,500.0000,1995.8180,1990.5000
TRIAL_SERIES:single,500,4,57,500.0000,2005.6160,1991.0000
TRIAL_SERIES:single,500,4,58,500.0000,1942.2160,1932.5000
TRIAL_SERIES:single,500,4,59,500.0000,1984.9980,1966.0000
TRIAL_SERIES:single,500,4,60,499.0000,1975.0721,1970.0000
TRIAL_SERIES:single,500,4,61,2.0000,2063.0000,2063.0000
TRIAL_RESULT:single,500,4,491.8197,1976.0000,1985.9084,1976.0000,2297.0000
[2026-02-28 18:11:24] Benchmark run: phase=single step=10 target=500 duration=60s trial=5 attempt=1
TRIAL_SERIES:single,500,5,1,500.0000,2044.2860,2005.0000
TRIAL_SERIES:single,500,5,2,500.0000,1915.3320,1928.0000
TRIAL_SERIES:single,500,5,3,500.0000,1918.0080,1939.5000
TRIAL_SERIES:single,500,5,4,499.0000,1973.0762,1977.0000
TRIAL_SERIES:single,500,5,5,501.0000,1949.8064,1939.0000
TRIAL_SERIES:single,500,5,6,500.0000,1983.7860,1980.0000
TRIAL_SERIES:single,500,5,7,500.0000,1960.8380,1975.0000
TRIAL_SERIES:single,500,5,8,500.0000,1990.3900,1987.0000
TRIAL_SERIES:single,500,5,9,500.0000,2007.4120,2001.5000
TRIAL_SERIES:single,500,5,10,499.0000,1977.9880,1969.0000
TRIAL_SERIES:single,500,5,11,501.0000,2018.0539,2010.0000
TRIAL_SERIES:single,500,5,12,500.0000,2038.2080,2038.0000
TRIAL_SERIES:single,500,5,13,500.0000,2016.1780,2019.0000
TRIAL_SERIES:single,500,5,14,499.0000,2012.6754,2002.0000
TRIAL_SERIES:single,500,5,15,501.0000,2001.5888,1989.0000
TRIAL_SERIES:single,500,5,16,500.0000,1996.5360,1995.0000
TRIAL_SERIES:single,500,5,17,500.0000,1983.6140,1996.5000
TRIAL_SERIES:single,500,5,18,500.0000,2012.7700,2001.5000
TRIAL_SERIES:single,500,5,19,500.0000,2018.7520,2006.0000
TRIAL_SERIES:single,500,5,20,500.0000,2020.5100,2013.0000
TRIAL_SERIES:single,500,5,21,499.0000,2003.7174,1998.0000
TRIAL_SERIES:single,500,5,22,501.0000,2043.1956,2036.0000
TRIAL_SERIES:single,500,5,23,500.0000,2035.2320,2035.5000
TRIAL_SERIES:single,500,5,24,499.0000,2032.1222,2032.0000
TRIAL_SERIES:single,500,5,25,501.0000,2024.4451,2024.0000
TRIAL_SERIES:single,500,5,26,499.0000,2025.5130,2019.0000
TRIAL_SERIES:single,500,5,27,500.0000,1982.4960,1979.5000
TRIAL_SERIES:single,500,5,28,501.0000,1978.2974,1983.0000
TRIAL_SERIES:single,500,5,29,500.0000,2010.6680,2000.5000
TRIAL_SERIES:single,500,5,30,500.0000,2032.2000,2021.0000
TRIAL_SERIES:single,500,5,31,500.0000,2047.9780,2057.0000
TRIAL_SERIES:single,500,5,32,500.0000,2009.4340,2007.5000
TRIAL_SERIES:single,500,5,33,500.0000,1972.0140,1972.0000
TRIAL_SERIES:single,500,5,34,500.0000,1951.3860,1946.0000
TRIAL_SERIES:single,500,5,35,500.0000,1944.2820,1937.0000
TRIAL_SERIES:single,500,5,36,500.0000,2032.4760,2025.0000
TRIAL_SERIES:single,500,5,37,500.0000,1987.1760,1978.5000
TRIAL_SERIES:single,500,5,38,500.0000,1996.2340,1987.0000
TRIAL_SERIES:single,500,5,39,500.0000,1993.6060,1989.0000
TRIAL_SERIES:single,500,5,40,500.0000,1984.6840,1980.0000
TRIAL_SERIES:single,500,5,41,500.0000,1996.7920,1997.5000
TRIAL_SERIES:single,500,5,42,499.0000,2050.0601,2026.0000
TRIAL_SERIES:single,500,5,43,500.0000,2041.5240,2046.5000
TRIAL_SERIES:single,500,5,44,500.0000,2011.7620,2005.0000
TRIAL_SERIES:single,500,5,45,501.0000,1954.6088,1958.0000
TRIAL_SERIES:single,500,5,46,500.0000,1947.2220,1957.0000
TRIAL_SERIES:single,500,5,47,500.0000,2039.1540,2036.5000
TRIAL_SERIES:single,500,5,48,500.0000,2001.1080,1987.5000
TRIAL_SERIES:single,500,5,49,500.0000,1989.7680,1987.0000
TRIAL_SERIES:single,500,5,50,500.0000,1977.4680,1970.0000
TRIAL_SERIES:single,500,5,51,499.0000,1998.9699,1990.0000
TRIAL_SERIES:single,500,5,52,500.0000,2026.7200,2010.5000
TRIAL_SERIES:single,500,5,53,501.0000,2005.7505,2003.0000
TRIAL_SERIES:single,500,5,54,500.0000,1991.9640,1981.0000
TRIAL_SERIES:single,500,5,55,500.0000,2013.8980,2002.0000
TRIAL_SERIES:single,500,5,56,500.0000,2066.0020,2065.0000
TRIAL_SERIES:single,500,5,57,500.0000,2044.6900,2041.0000
TRIAL_SERIES:single,500,5,58,500.0000,2066.9100,2068.5000
TRIAL_SERIES:single,500,5,59,500.0000,2064.7060,2064.0000
TRIAL_SERIES:single,500,5,60,500.0000,2027.1980,2019.0000
TRIAL_SERIES:single,500,5,61,0.0000,0.0000,0.0000
TRIAL_RESULT:single,500,5,500.0000,1997.0000,2004.0507,1997.0000,2372.0000
[2026-02-28 18:13:25] Eval 1 result: target=500 avg_thr=495.0819 median_lat_us=1997.0000 mean_lat_us=2015.2877 p99_lat_us=2390.0000 pass=true status=ok
[2026-02-28 18:13:25] Single-target complete: slowdown_type=network step=10 target=500 observed_throughput=495.0819 observed_latency_us=1997.0000
RESULTS:495.0819,1997.0000
RESULTS_EXT:495.0819,1997.0000,2015.2877,1997.0000,2390.0000
[2026-02-28 18:13:28] Completed step 10Mbps: observed_thr=495.0819, mean_lat_us=2015.2877, median_lat_us=1997.0000, p99_lat_us=2390.0000
[2026-02-28 18:13:28] Built slowdown-profile plots: /home/egp1042/Documents/CodingProjects/unh-bench-scripts/out/max_latency_target_25/network_bandwidth_slowdown_profile_throughput.png, /home/egp1042/Documents/CodingProjects/unh-bench-scripts/out/max_latency_target_25/network_bandwidth_slowdown_profile_latency.png
[2026-02-28 18:13:28] Done. Summary: /home/egp1042/Documents/CodingProjects/unh-bench-scripts/out/max_latency_target_25/network_bandwidth_slowdown_profile.csv; trials: /home/egp1042/Documents/CodingProjects/unh-bench-scripts/out/max_latency_target_25/network_bandwidth_slowdown_profile_trials.csv
